entityId,timestamp,current,lampIsRunning,voltage,ttf,ttf_label
Test1,2019-11-05 09:19:17,0.0,False,0.0,0,failure
Test1,2019-11-05 09:19:17,0.0,False,0.0,0,failure
Test1,2019-11-04 23:40:46,0.6359233232844664,True,0.19314088610008306,400,>2min
Test1,2019-11-04 23:40:46,0.6359233232844664,True,0.20548650791581566,399,>2min
Test1,2019-11-04 23:40:44,0.6313024161382284,True,0.20548650791581566,398,>2min
Test1,2019-11-04 23:40:44,0.6313024161382284,True,0.2093630044519899,397,>2min
Test1,2019-11-04 23:40:42,0.6285245542835347,True,0.2093630044519899,396,>2min
Test1,2019-11-04 23:40:40,0.6273671333017761,True,0.21979037527736292,395,>2min
Test1,2019-11-04 23:40:40,0.6273671333017761,True,0.21194769955548587,394,>2min
Test1,2019-11-04 23:40:38,0.6218077879798155,True,0.21194769955548587,393,>2min
Test1,2019-11-04 23:40:38,0.6218077879798155,True,0.22416849836715386,392,>2min
Test1,2019-11-04 23:40:36,0.6165651922988202,True,0.22416849836715386,391,>2min
Test1,2019-11-04 23:40:36,0.6165651922988202,True,0.2352308836370163,390,>2min
Test1,2019-11-04 23:40:34,0.6147822754022475,True,0.2352308836370163,389,>2min
Test1,2019-11-04 23:40:34,0.6147822754022475,True,0.22284606840537616,388,>2min
Test1,2019-11-04 23:40:32,0.6153993341535448,True,0.22284606840537616,387,>2min
Test1,2019-11-04 23:40:32,0.6153993341535448,True,0.2275604979526126,386,>2min
Test1,2019-11-04 23:40:30,0.6163193220735205,True,0.2275604979526126,385,>2min
Test1,2019-11-04 23:40:30,0.6163193220735205,True,0.21450588329284992,384,>2min
Test1,2019-11-04 23:40:28,0.6176201113092753,True,0.21450588329284992,383,>2min
Test1,2019-11-04 23:40:28,0.6176201113092753,True,0.2129279911523036,382,>2min
Test1,2019-11-04 23:40:26,0.6161324285226736,True,0.2129279911523036,381,>2min
Test1,2019-11-04 23:40:26,0.6161324285226736,True,0.2079824678621867,380,>2min
Test1,2019-11-04 23:40:24,0.6137024805267867,True,0.2079824678621867,379,>2min
Test1,2019-11-04 23:40:22,0.6089785657397424,True,0.20330360398154862,378,>2min
Test1,2019-11-04 23:40:22,0.6089785657397424,True,0.20047682919788604,377,>2min
Test1,2019-11-04 23:40:20,0.6094436104671241,True,0.20047682919788604,376,>2min
Test1,2019-11-04 23:40:20,0.6094436104671241,True,0.20088716424812586,375,>2min
Test1,2019-11-04 23:40:18,0.6066713390937308,True,0.20088716424812586,374,>2min
Test1,2019-11-04 23:40:18,0.6066713390937308,True,0.20172976919668534,373,>2min
Test1,2019-11-04 23:40:16,0.6083201826921829,True,0.20172976919668534,372,>2min
Test1,2019-11-04 23:40:16,0.6083201826921829,True,0.1942449918828489,371,>2min
Test1,2019-11-04 23:40:14,0.6126743137076491,True,0.1942449918828489,370,>2min
Test1,2019-11-04 23:40:12,0.6135297059898779,True,0.18874020262980434,369,>2min
Test1,2019-11-04 23:40:12,0.6135297059898779,True,0.19487707181912597,368,>2min
Test1,2019-11-04 23:40:10,0.6183864417764607,True,0.19487707181912597,367,>2min
Test1,2019-11-04 23:40:10,0.6183864417764607,True,0.20014149373720755,366,>2min
Test1,2019-11-04 23:40:08,0.6140350113086305,True,0.20014149373720755,365,>2min
Test1,2019-11-04 23:40:08,0.6140350113086305,True,0.19126996793518303,364,>2min
Test1,2019-11-04 23:40:06,0.6136684167627464,True,0.19126996793518303,363,>2min
Test1,2019-11-04 23:40:06,0.6136684167627464,True,0.1929090808903406,362,>2min
Test1,2019-11-04 23:40:04,0.6163643966245136,True,0.1929090808903406,361,>2min
Test1,2019-11-04 23:40:04,0.6163643966245136,True,0.20467910209840515,360,>2min
Test1,2019-11-04 23:40:02,0.6167400351605873,True,0.20467910209840515,359,>2min
Test1,2019-11-04 23:40:02,0.6167400351605873,True,0.2114696309567384,358,>2min
Test1,2019-11-04 23:40:00,0.6128887157256948,True,0.2114696309567384,357,>2min
Test1,2019-11-04 23:40:00,0.6128887157256948,True,0.21371433180130742,356,>2min
Test1,2019-11-04 23:39:58,0.6119719374584927,True,0.21371433180130742,355,>2min
Test1,2019-11-04 23:39:58,0.6119719374584927,True,0.22142058688772767,354,>2min
Test1,2019-11-04 23:39:56,0.6137745134734585,True,0.22142058688772767,353,>2min
Test1,2019-11-04 23:39:54,0.6187801477190009,True,0.21609070348943335,352,>2min
Test1,2019-11-04 23:39:54,0.6187801477190009,True,0.2105525269689848,351,>2min
Test1,2019-11-04 23:39:52,0.6139625716181673,True,0.2105525269689848,350,>2min
Test1,2019-11-04 23:39:52,0.6139625716181673,True,0.21990291384448263,349,>2min
Test1,2019-11-04 23:39:50,0.6183089605015433,True,0.21990291384448263,348,>2min
Test1,2019-11-04 23:39:50,0.6183089605015433,True,0.21447375823747553,347,>2min
Test1,2019-11-04 23:39:48,0.6197648381753852,True,0.21447375823747553,346,>2min
Test1,2019-11-04 23:39:48,0.6197648381753852,True,0.20520449052368916,345,>2min
Test1,2019-11-04 23:39:46,0.6205083056382117,True,0.20520449052368916,344,>2min
Test1,2019-11-04 23:39:44,0.617991237813608,True,0.2114583893898184,343,>2min
Test1,2019-11-04 23:39:44,0.617991237813608,True,0.2094717726075353,342,>2min
Test1,2019-11-04 23:39:42,0.6171324247794476,True,0.2094717726075353,341,>2min
Test1,2019-11-04 23:39:42,0.6171324247794476,True,0.20590460024755794,340,>2min
Test1,2019-11-04 23:39:40,0.6166471255520004,True,0.20590460024755794,339,>2min
Test1,2019-11-04 23:39:40,0.6166471255520004,True,0.19825333417475882,338,>2min
Test1,2019-11-04 23:39:38,0.620358135453336,True,0.19825333417475882,337,>2min
Test1,2019-11-04 23:39:38,0.620358135453336,True,0.20745146088124175,336,>2min
Test1,2019-11-04 23:39:36,0.6247001027702962,True,0.20745146088124175,335,>2min
Test1,2019-11-04 23:39:36,0.6247001027702962,True,0.21783501572871802,334,>2min
Test1,2019-11-04 23:39:34,0.6264184592991435,True,0.21783501572871802,333,>2min
Test1,2019-11-04 23:39:34,0.6264184592991435,True,0.2200750678015633,332,>2min
Test1,2019-11-04 23:39:32,0.6210565155604224,True,0.2200750678015633,331,>2min
Test1,2019-11-04 23:39:32,0.6210565155604224,True,0.22422909516152537,330,>2min
Test1,2019-11-04 23:39:30,0.6216802173867977,True,0.22422909516152537,329,>2min
Test1,2019-11-04 23:39:28,0.6208435196100672,True,0.22962151552496024,328,>2min
Test1,2019-11-04 23:39:28,0.6208435196100672,True,0.23398978389692665,327,>2min
Test1,2019-11-04 23:39:26,0.6240310811548613,True,0.23398978389692665,326,>2min
Test1,2019-11-04 23:39:26,0.6240310811548613,True,0.22310334686083536,325,>2min
Test1,2019-11-04 23:39:24,0.6223991557572592,True,0.22310334686083536,324,>2min
Test1,2019-11-04 23:39:24,0.6223991557572592,True,0.21585787423672212,323,>2min
Test1,2019-11-04 23:39:22,0.6265618096865637,True,0.21585787423672212,322,>2min
Test1,2019-11-04 23:39:20,0.6250582680785775,True,0.2249351412666777,321,>2min
Test1,2019-11-04 23:39:20,0.6250582680785775,True,0.22555090283841842,320,>2min
Test1,2019-11-04 23:39:18,0.6255400910700711,True,0.22555090283841842,319,>2min
Test1,2019-11-04 23:39:16,0.6199474513189205,True,0.21737700958260853,318,>2min
Test1,2019-11-04 23:39:16,0.6199474513189205,True,0.21903127060959282,317,>2min
Test1,2019-11-04 23:39:14,0.625074488990906,True,0.21903127060959282,316,>2min
Test1,2019-11-04 23:39:12,0.6283120491253862,True,0.2215895157965653,315,>2min
Test1,2019-11-04 23:39:10,0.6243694467037917,True,0.21320902178466578,314,>2min
Test1,2019-11-04 23:39:08,0.6265749365325703,True,0.20510883097349275,313,>2min
Test1,2019-11-04 23:39:06,0.6224484359216718,True,0.20978967376179497,312,>2min
Test1,2019-11-04 23:39:04,0.6214017653306128,True,0.19955266925154191,311,>2min
Test1,2019-11-04 23:39:04,0.6214017653306128,True,0.19532619295900777,310,>2min
Test1,2019-11-04 23:39:02,0.6173946022975685,True,0.19532619295900777,309,>2min
Test1,2019-11-04 23:39:00,0.620009798771977,True,0.19767640239782783,308,>2min
Test1,2019-11-04 23:38:58,0.6219208100214767,True,0.1939850753128844,307,>2min
Test1,2019-11-04 23:38:56,0.6174158793948664,True,0.18778953629177889,306,>2min
Test1,2019-11-04 23:38:56,0.6174158793948664,True,0.17976810612159283,305,>2min
Test1,2019-11-04 23:38:54,0.617669922503405,True,0.17976810612159283,304,>2min
Test1,2019-11-04 23:38:54,0.617669922503405,True,0.1709240090163734,303,>2min
Test1,2019-11-04 23:38:52,0.6224456160299882,True,0.1709240090163734,302,>2min
Test1,2019-11-04 23:38:50,0.6242058263236065,True,0.1756538079468067,301,>2min
Test1,2019-11-04 23:38:50,0.6242058263236065,True,0.1791758021596225,300,>2min
Test1,2019-11-04 23:38:48,0.623312249895773,True,0.1791758021596225,299,>2min
Test1,2019-11-04 23:38:48,0.623312249895773,True,0.18315682337585507,298,>2min
Test1,2019-11-04 23:38:46,0.6250508082541064,True,0.18315682337585507,297,>2min
Test1,2019-11-04 23:38:44,0.6256295206212339,True,0.1928370553348344,296,>2min
Test1,2019-11-04 23:38:44,0.6256295206212339,True,0.19110606947568815,295,>2min
Test1,2019-11-04 23:38:42,0.6298799718055149,True,0.19110606947568815,294,>2min
Test1,2019-11-04 23:38:42,0.6298799718055149,True,0.19457419241948104,293,>2min
Test1,2019-11-04 23:38:40,0.6270774291666391,True,0.19457419241948104,292,>2min
Test1,2019-11-04 23:38:40,0.6270774291666391,True,0.19696888220203712,291,>2min
Test1,2019-11-04 23:38:38,0.628507446316089,True,0.19696888220203712,290,>2min
Test1,2019-11-04 23:38:38,0.628507446316089,True,0.20537750075881658,289,>2min
Test1,2019-11-04 23:38:36,0.6243275873844878,True,0.20537750075881658,288,>2min
Test1,2019-11-04 23:38:36,0.6243275873844878,True,0.2010828423253164,287,>2min
Test1,2019-11-04 23:38:34,0.6271621817269676,True,0.2010828423253164,286,>2min
Test1,2019-11-04 23:38:34,0.6271621817269676,True,0.20917850759772838,285,>2min
Test1,2019-11-04 23:38:32,0.6302182800257202,True,0.20917850759772838,284,>2min
Test1,2019-11-04 23:38:30,0.6308845154289103,True,0.2212759601111811,283,>2min
Test1,2019-11-04 23:38:30,0.6308845154289103,True,0.21829851711903883,282,>2min
Test1,2019-11-04 23:38:28,0.6339976111388502,True,0.21829851711903883,281,>2min
Test1,2019-11-04 23:38:28,0.6339976111388502,True,0.20595977966977286,280,>2min
Test1,2019-11-04 23:38:26,0.6395373599035031,True,0.20595977966977286,279,>2min
Test1,2019-11-04 23:38:26,0.6395373599035031,True,0.21696676754553348,278,>2min
Test1,2019-11-04 23:38:24,0.6366851481875528,True,0.21696676754553348,277,>2min
Test1,2019-11-04 23:38:22,0.6345987583105663,True,0.226059101020804,276,>2min
Test1,2019-11-04 23:38:22,0.6345987583105663,True,0.23837326844194187,275,>2min
Test1,2019-11-04 23:38:20,0.6383053701957827,True,0.23837326844194187,274,>2min
Test1,2019-11-04 23:38:20,0.6383053701957827,True,0.24826986835937473,273,>2min
Test1,2019-11-04 23:38:18,0.6370613671590962,True,0.24826986835937473,272,>2min
Test1,2019-11-04 23:38:18,0.6370613671590962,True,0.26041697817776277,271,>2min
Test1,2019-11-04 23:38:16,0.6336015696613712,True,0.26041697817776277,270,>2min
Test1,2019-11-04 23:38:16,0.6336015696613712,True,0.27342342472432923,269,>2min
Test1,2019-11-04 23:38:14,0.6355723501466153,True,0.27342342472432923,268,>2min
Test1,2019-11-04 23:38:14,0.6355723501466153,True,0.26798281879905816,267,>2min
Test1,2019-11-04 23:38:12,0.6306618756736557,True,0.26798281879905816,266,>2min
Test1,2019-11-04 23:38:10,0.6279803840271533,True,0.2570762973275329,265,>2min
Test1,2019-11-04 23:38:10,0.6279803840271533,True,0.24638630766047492,264,>2min
Test1,2019-11-04 23:38:08,0.6316295575481395,True,0.24638630766047492,263,>2min
Test1,2019-11-04 23:38:08,0.6316295575481395,True,0.24435874355285472,262,>2min
Test1,2019-11-04 23:38:06,0.6299602370036373,True,0.24435874355285472,261,>2min
Test1,2019-11-04 23:38:04,0.6345287627901257,True,0.2418835929643553,260,>2min
Test1,2019-11-04 23:38:04,0.6345287627901257,True,0.2477763004817919,259,>2min
Test1,2019-11-04 23:38:02,0.6348149552644204,True,0.2477763004817919,258,>2min
Test1,2019-11-04 23:38:02,0.6348149552644204,True,0.2566333191305942,257,>2min
Test1,2019-11-04 23:38:00,0.6347709194469937,True,0.2566333191305942,256,>2min
Test1,2019-11-04 23:37:58,0.6332041129288191,True,0.2580035498230122,255,>2min
Test1,2019-11-04 23:37:56,0.6347866931568621,True,0.27047663307460024,254,>2min
Test1,2019-11-04 23:37:54,0.6307758813033887,True,0.2705326330413219,253,>2min
Test1,2019-11-04 23:37:54,0.6307758813033887,True,0.27749158595774603,252,>2min
Test1,2019-11-04 23:37:52,0.6352292778974923,True,0.27749158595774603,251,>2min
Test1,2019-11-04 23:37:52,0.6352292778974923,True,0.26726922438827516,250,>2min
Test1,2019-11-04 23:37:50,0.638119440389235,True,0.26726922438827516,249,>2min
Test1,2019-11-04 23:37:48,0.6357154548786291,True,0.27903147133233897,248,>2min
Test1,2019-11-04 23:37:46,0.637323232117224,True,0.27421858718257175,247,>2min
Test1,2019-11-04 23:37:46,0.637323232117224,True,0.2648485327800137,246,>2min
Test1,2019-11-04 23:37:44,0.6350553338448538,True,0.2648485327800137,245,>2min
Test1,2019-11-04 23:37:42,0.6317561171738177,True,0.27509566690343756,244,>2min
Test1,2019-11-04 23:37:42,0.6317561171738177,True,0.2663344621646238,243,>2min
Test1,2019-11-04 23:37:40,0.6326800929860689,True,0.2663344621646238,242,>2min
Test1,2019-11-04 23:37:40,0.6326800929860689,True,0.26882602637983877,241,>2min
Test1,2019-11-04 23:37:38,0.6277947743689353,True,0.26882602637983877,240,>2min
Test1,2019-11-04 23:37:38,0.6277947743689353,True,0.27741251783326126,239,>2min
Test1,2019-11-04 23:37:36,0.6268547890358932,True,0.27741251783326126,238,>2min
Test1,2019-11-04 23:37:36,0.6268547890358932,True,0.28706556760776614,237,>2min
Test1,2019-11-04 23:37:34,0.6271742429037795,True,0.28706556760776614,236,>2min
Test1,2019-11-04 23:37:34,0.6271742429037795,True,0.2823037776214628,235,>2min
Test1,2019-11-04 23:37:32,0.6292292688624597,True,0.2823037776214628,234,>2min
Test1,2019-11-04 23:37:32,0.6292292688624597,True,0.27329647100579885,233,>2min
Test1,2019-11-04 23:37:30,0.6280503660363941,True,0.27329647100579885,232,>2min
Test1,2019-11-04 23:37:30,0.6280503660363941,True,0.2668011674317778,231,>2min
Test1,2019-11-04 23:37:28,0.6253920423065563,True,0.2668011674317778,230,>2min
Test1,2019-11-04 23:37:28,0.6253920423065563,True,0.25565202733769016,229,>2min
Test1,2019-11-04 23:37:26,0.6308204711844791,True,0.25565202733769016,228,>2min
Test1,2019-11-04 23:37:26,0.6308204711844791,True,0.2538754215453135,227,>2min
Test1,2019-11-04 23:37:24,0.6326613390995635,True,0.2538754215453135,226,>2min
Test1,2019-11-04 23:37:24,0.6326613390995635,True,0.2584568399818207,225,>2min
Test1,2019-11-04 23:37:22,0.6367058502464371,True,0.2584568399818207,224,>2min
Test1,2019-11-04 23:37:22,0.6367058502464371,True,0.2578683908112862,223,>2min
Test1,2019-11-04 23:37:20,0.6419547845323138,True,0.2578683908112862,222,>2min
Test1,2019-11-04 23:37:20,0.6419547845323138,True,0.25553922687673947,221,>2min
Test1,2019-11-04 23:37:18,0.6460817974766218,True,0.25553922687673947,220,>2min
Test1,2019-11-04 23:37:18,0.6460817974766218,True,0.2670035748292226,219,>2min
Test1,2019-11-04 23:37:16,0.6460710426994745,True,0.2670035748292226,218,>2min
Test1,2019-11-04 23:37:16,0.6460710426994745,True,0.2651465412728008,217,>2min
Test1,2019-11-04 23:37:14,0.6425271503289861,True,0.2651465412728008,216,>2min
Test1,2019-11-04 23:37:12,0.6421526805752399,True,0.2577591236728502,215,>2min
Test1,2019-11-04 23:37:10,0.6367611057638581,True,0.25642638320635963,214,>2min
Test1,2019-11-04 23:37:10,0.6367611057638581,True,0.26243303002114193,213,>2min
Test1,2019-11-04 23:37:08,0.639563752584415,True,0.26243303002114193,212,>2min
Test1,2019-11-04 23:37:08,0.639563752584415,True,0.25409614045567797,211,>2min
Test1,2019-11-04 23:37:06,0.6350588464700436,True,0.25409614045567797,210,>2min
Test1,2019-11-04 23:37:06,0.6350588464700436,True,0.26549152571034584,209,>2min
Test1,2019-11-04 23:37:04,0.6406424295121683,True,0.26549152571034584,208,>2min
Test1,2019-11-04 23:37:04,0.6406424295121683,True,0.27217438557818147,207,>2min
Test1,2019-11-04 23:37:02,0.6440131635378998,True,0.27217438557818147,206,>2min
Test1,2019-11-04 23:37:02,0.6440131635378998,True,0.27362890538597223,205,>2min
Test1,2019-11-04 23:37:00,0.6460100425344403,True,0.27362890538597223,204,>2min
Test1,2019-11-04 23:36:58,0.6497475206576816,True,0.28159420786674927,203,>2min
Test1,2019-11-04 23:36:58,0.6497475206576816,True,0.2854108623068503,202,>2min
Test1,2019-11-04 23:36:56,0.6534319340451532,True,0.2854108623068503,201,>2min
Test1,2019-11-04 23:36:54,0.6537781002228426,True,0.28301053042870156,200,>2min
Test1,2019-11-04 23:36:52,0.6533255833486364,True,0.2788192599741368,199,>2min
Test1,2019-11-04 23:36:52,0.6533255833486364,True,0.27097780040916253,198,>2min
Test1,2019-11-04 23:36:50,0.6487113274856477,True,0.27097780040916253,197,>2min
Test1,2019-11-04 23:36:50,0.6487113274856477,True,0.28347732902785183,196,>2min
Test1,2019-11-04 23:36:48,0.6483925155097552,True,0.28347732902785183,195,>2min
Test1,2019-11-04 23:36:48,0.6483925155097552,True,0.27165174852925705,194,>2min
Test1,2019-11-04 23:36:46,0.6521876391366196,True,0.27165174852925705,193,>2min
Test1,2019-11-04 23:36:44,0.6547950790499192,True,0.2826816729636048,192,>2min
Test1,2019-11-04 23:36:44,0.6547950790499192,True,0.27057901870735135,191,>2min
Test1,2019-11-04 23:36:42,0.6504479426997342,True,0.27057901870735135,190,>2min
Test1,2019-11-04 23:36:40,0.6503405035768222,True,0.2591594092814262,189,>2min
Test1,2019-11-04 23:36:38,0.6499741453682354,True,0.24952971872485827,188,>2min
Test1,2019-11-04 23:36:38,0.6499741453682354,True,0.2533486211963518,187,>2min
Test1,2019-11-04 23:36:36,0.6491034207189095,True,0.2533486211963518,186,>2min
Test1,2019-11-04 23:36:34,0.6473450565701053,True,0.24496649343252544,185,>2min
Test1,2019-11-04 23:36:32,0.6527432554094749,True,0.23963146023111737,184,>2min
Test1,2019-11-04 23:36:30,0.6475647167375436,True,0.23884604723589253,183,>2min
Test1,2019-11-04 23:36:30,0.6475647167375436,True,0.2280246401815367,182,>2min
Test1,2019-11-04 23:36:28,0.6474820659359289,True,0.2280246401815367,181,>2min
Test1,2019-11-04 23:36:28,0.6474820659359289,True,0.21519600058991864,180,>2min
Test1,2019-11-04 23:36:26,0.6477230732558377,True,0.21519600058991864,179,>2min
Test1,2019-11-04 23:36:24,0.6466570088860449,True,0.22231731018854095,178,>2min
Test1,2019-11-04 23:36:24,0.6466570088860449,True,0.23260144698201587,177,>2min
Test1,2019-11-04 23:36:22,0.6429755875737853,True,0.23260144698201587,176,>2min
Test1,2019-11-04 23:36:22,0.6429755875737853,True,0.22766854745156248,175,>2min
Test1,2019-11-04 23:36:20,0.6388488400292166,True,0.22766854745156248,174,>2min
Test1,2019-11-04 23:36:18,0.635751717883226,True,0.2182205143246321,173,>2min
Test1,2019-11-04 23:36:16,0.6344718412581627,True,0.2245501091236469,172,>2min
Test1,2019-11-04 23:36:14,0.6370516158399222,True,0.22785770670855074,171,>2min
Test1,2019-11-04 23:36:12,0.6358057891490037,True,0.2277936253362078,170,>2min
Test1,2019-11-04 23:36:10,0.6398710837841495,True,0.22723037649727768,169,>2min
Test1,2019-11-04 23:36:10,0.6398710837841495,True,0.22846426751451787,168,>2min
Test1,2019-11-04 23:36:10,0.6398710837841495,True,0.22723037649727768,167,>2min
Test1,2019-11-04 23:36:10,0.6398710837841495,True,0.22846426751451787,166,>2min
Test1,2019-11-04 23:36:10,0.6398710837841495,True,0.22723037649727768,165,>2min
Test1,2019-11-04 23:36:10,0.6398710837841495,True,0.22846426751451787,164,>2min
Test1,2019-11-04 23:36:10,0.6398710837841495,True,0.22723037649727768,163,>2min
Test1,2019-11-04 23:36:10,0.6398710837841495,True,0.22846426751451787,162,>2min
Test1,2019-11-04 23:36:08,0.6362778223022583,True,0.22846426751451787,161,>2min
Test1,2019-11-04 23:36:06,0.6377147622652133,True,0.23367176054182748,160,>2min
Test1,2019-11-04 23:36:06,0.6377147622652133,True,0.22303143684969945,159,>2min
Test1,2019-11-04 23:36:04,0.6391988431839329,True,0.22303143684969945,158,>2min
Test1,2019-11-04 23:36:04,0.6391988431839329,True,0.21887838954182495,157,>2min
Test1,2019-11-04 23:36:02,0.6431649731464577,True,0.21887838954182495,156,>2min
Test1,2019-11-04 23:36:02,0.6431649731464577,True,0.2099158839515163,155,>2min
Test1,2019-11-04 23:36:00,0.64816749404478,True,0.2099158839515163,154,>2min
Test1,2019-11-04 23:35:58,0.6484047451886691,True,0.2025070212941015,153,>2min
Test1,2019-11-04 23:35:56,0.6537573961927583,True,0.21468593661176866,152,>2min
Test1,2019-11-04 23:35:56,0.6537573961927583,True,0.21004690613544347,151,>2min
Test1,2019-11-04 23:35:54,0.6537137823805612,True,0.21004690613544347,150,>2min
Test1,2019-11-04 23:35:52,0.6496578692223195,True,0.20232026462143235,149,>2min
Test1,2019-11-04 23:35:52,0.6496578692223195,True,0.20974574619882688,148,>2min
Test1,2019-11-04 23:35:50,0.6503898544387189,True,0.20974574619882688,147,>2min
Test1,2019-11-04 23:35:50,0.6503898544387189,True,0.208257766425963,146,>2min
Test1,2019-11-04 23:35:48,0.6525176052269325,True,0.208257766425963,145,>2min
Test1,2019-11-04 23:35:48,0.6525176052269325,True,0.20003624332808162,144,>2min
Test1,2019-11-04 23:35:46,0.653942026045271,True,0.20003624332808162,143,>2min
Test1,2019-11-04 23:35:46,0.653942026045271,True,0.19837202276792273,142,>2min
Test1,2019-11-04 23:35:44,0.6570147925895876,True,0.19837202276792273,141,>2min
Test1,2019-11-04 23:35:44,0.6570147925895876,True,0.2039803683479956,140,>2min
Test1,2019-11-04 23:35:42,0.6613953284195376,True,0.2039803683479956,139,>2min
Test1,2019-11-04 23:35:42,0.6613953284195376,True,0.2093668673387131,138,>2min
Test1,2019-11-04 23:35:40,0.6608022882732755,True,0.2093668673387131,137,>2min
Test1,2019-11-04 23:35:40,0.6608022882732755,True,0.2216130811759732,136,>2min
Test1,2019-11-04 23:35:38,0.6603993241627746,True,0.2216130811759732,135,>2min
Test1,2019-11-04 23:35:38,0.6603993241627746,True,0.2262547377314277,134,>2min
Test1,2019-11-04 23:35:36,0.6583619661800619,True,0.2262547377314277,133,>2min
Test1,2019-11-04 23:35:34,0.6542868474763285,True,0.23086911573451807,132,>2min
Test1,2019-11-04 23:35:34,0.6542868474763285,True,0.23596661127215446,131,>2min
Test1,2019-11-04 23:35:32,0.6593507541291196,True,0.23596661127215446,130,>2min
Test1,2019-11-04 23:35:32,0.6593507541291196,True,0.23625119461455066,129,>2min
Test1,2019-11-04 23:35:30,0.6557661005782456,True,0.23625119461455066,128,>2min
Test1,2019-11-04 23:35:28,0.6596154778828255,True,0.23411130049661621,127,>2min
Test1,2019-11-04 23:35:28,0.6596154778828255,True,0.2391370690468881,126,>2min
Test1,2019-11-04 23:35:26,0.6601930596266392,True,0.2391370690468881,125,>2min
Test1,2019-11-04 23:35:26,0.6601930596266392,True,0.23288706010526708,124,>2min
Test1,2019-11-04 23:35:24,0.6588305711004933,True,0.23288706010526708,123,>2min
Test1,2019-11-04 23:35:24,0.6588305711004933,True,0.22397182109901032,122,>2min
Test1,2019-11-04 23:35:22,0.6608153350446067,True,0.22397182109901032,121,>2min
Test1,2019-11-04 23:35:22,0.6608153350446067,True,0.22687954423702048,120,1-2min
Test1,2019-11-04 23:35:20,0.6608177398383589,True,0.22687954423702048,119,1-2min
Test1,2019-11-04 23:35:20,0.6608177398383589,True,0.22319001196136704,118,1-2min
Test1,2019-11-04 23:35:18,0.6623107341630324,True,0.22319001196136704,117,1-2min
Test1,2019-11-04 23:35:18,0.6623107341630324,True,0.23460506355689706,116,1-2min
Test1,2019-11-04 23:35:16,0.6628528734603656,True,0.23460506355689706,115,1-2min
Test1,2019-11-04 23:35:14,0.6638383859860949,True,0.22461288983509706,114,1-2min
Test1,2019-11-04 23:35:14,0.6638383859860949,True,0.22160942677785758,113,1-2min
Test1,2019-11-04 23:35:12,0.6651976191647524,True,0.22160942677785758,112,1-2min
Test1,2019-11-04 23:35:12,0.6651976191647524,True,0.22026255024380517,111,1-2min
Test1,2019-11-04 23:35:10,0.6707893244134131,True,0.22026255024380517,110,1-2min
Test1,2019-11-04 23:35:10,0.6707893244134131,True,0.21340398319085496,109,1-2min
Test1,2019-11-04 23:35:08,0.6682007170443898,True,0.21340398319085496,108,1-2min
Test1,2019-11-04 23:35:06,0.6677052181816434,True,0.2042590823914961,107,1-2min
Test1,2019-11-04 23:35:04,0.672073408316627,True,0.2044454704325426,106,1-2min
Test1,2019-11-04 23:35:02,0.6686649686976044,True,0.21742826263841003,105,1-2min
Test1,2019-11-04 23:35:00,0.6676644412731699,True,0.2079297453514247,104,1-2min
Test1,2019-11-04 23:35:00,0.6676644412731699,True,0.22025197162384494,103,1-2min
Test1,2019-11-04 23:34:58,0.6688915363110671,True,0.22025197162384494,102,1-2min
Test1,2019-11-04 23:34:58,0.6688915363110671,True,0.20758119829614982,101,1-2min
Test1,2019-11-04 23:34:56,0.6665152309947189,True,0.20758119829614982,100,1-2min
Test1,2019-11-04 23:34:54,0.6690687304747523,True,0.2162115779590711,99,1-2min
Test1,2019-11-04 23:34:54,0.6690687304747523,True,0.22603793928773624,98,1-2min
Test1,2019-11-04 23:34:52,0.6661247013491727,True,0.22603793928773624,97,1-2min
Test1,2019-11-04 23:34:52,0.6661247013491727,True,0.2145577243982903,96,1-2min
Test1,2019-11-04 23:34:50,0.6666645363603532,True,0.2145577243982903,95,1-2min
Test1,2019-11-04 23:34:50,0.6666645363603532,True,0.21085900983347622,94,1-2min
Test1,2019-11-04 23:34:48,0.6611771624531235,True,0.21085900983347622,93,1-2min
Test1,2019-11-04 23:34:46,0.6629976485041329,True,0.21228537244104945,92,1-2min
Test1,2019-11-04 23:34:46,0.6629976485041329,True,0.21359639318168117,91,1-2min
Test1,2019-11-04 23:34:46,0.6629976485041329,True,0.21228537244104945,90,1-2min
Test1,2019-11-04 23:34:46,0.6629976485041329,True,0.21359639318168117,89,1-2min
Test1,2019-11-04 23:34:46,0.6629976485041329,True,0.21228537244104945,88,1-2min
Test1,2019-11-04 23:34:46,0.6629976485041329,True,0.21359639318168117,87,1-2min
Test1,2019-11-04 23:34:46,0.6629976485041329,True,0.21228537244104945,86,1-2min
Test1,2019-11-04 23:34:46,0.6629976485041329,True,0.21359639318168117,85,1-2min
Test1,2019-11-04 23:34:44,0.6626850163098619,True,0.21359639318168117,84,1-2min
Test1,2019-11-04 23:34:44,0.6626850163098619,True,0.20447327234252272,83,1-2min
Test1,2019-11-04 23:34:42,0.6595300169984724,True,0.20447327234252272,82,1-2min
Test1,2019-11-04 23:34:40,0.6638261025386192,True,0.21203652372844678,81,1-2min
Test1,2019-11-04 23:34:38,0.6650789795326152,True,0.21246196902883563,80,1-2min
Test1,2019-11-04 23:34:36,0.6664272509229741,True,0.20158130087316287,79,1-2min
Test1,2019-11-04 23:34:34,0.6709933222996479,True,0.21101309494084472,78,1-2min
Test1,2019-11-04 23:34:34,0.6709933222996479,True,0.2072329766341715,77,1-2min
Test1,2019-11-04 23:34:32,0.6750175144334122,True,0.2072329766341715,76,1-2min
Test1,2019-11-04 23:34:32,0.6750175144334122,True,0.21278540358897133,75,1-2min
Test1,2019-11-04 23:34:30,0.6746467518902057,True,0.21278540358897133,74,1-2min
Test1,2019-11-04 23:34:28,0.6765676064014774,True,0.21844554169431737,73,1-2min
Test1,2019-11-04 23:34:28,0.6765676064014774,True,0.22727305543177034,72,1-2min
Test1,2019-11-04 23:34:26,0.6760004659098229,True,0.22727305543177034,71,1-2min
Test1,2019-11-04 23:34:26,0.6760004659098229,True,0.23312203364165776,70,1-2min
Test1,2019-11-04 23:34:26,0.6760004659098229,True,0.22727305543177034,69,1-2min
Test1,2019-11-04 23:34:26,0.6760004659098229,True,0.23312203364165776,68,1-2min
Test1,2019-11-04 23:34:26,0.6760004659098229,True,0.22727305543177034,67,1-2min
Test1,2019-11-04 23:34:26,0.6760004659098229,True,0.23312203364165776,66,1-2min
Test1,2019-11-04 23:34:24,0.6785332082619935,True,0.23312203364165776,65,1-2min
Test1,2019-11-04 23:34:22,0.6742936542433445,True,0.22127790797704158,64,1-2min
Test1,2019-11-04 23:34:20,0.6747924756630845,True,0.23229093441462279,63,1-2min
Test1,2019-11-04 23:34:20,0.6747924756630845,True,0.23797095272363208,62,1-2min
Test1,2019-11-04 23:34:18,0.6780099121210175,True,0.23797095272363208,61,1-2min
Test1,2019-11-04 23:34:18,0.6780099121210175,True,0.2346942382796552,60,1-2min
Test1,2019-11-04 23:34:16,0.6730138183096335,True,0.2346942382796552,59,1-2min
Test1,2019-11-04 23:34:16,0.6730138183096335,True,0.23142189413426642,58,1-2min
Test1,2019-11-04 23:34:16,0.6730138183096335,True,0.2346942382796552,57,1-2min
Test1,2019-11-04 23:34:16,0.6730138183096335,True,0.23142189413426642,56,1-2min
Test1,2019-11-04 23:34:14,0.6738425383796223,True,0.23142189413426642,55,1-2min
Test1,2019-11-04 23:34:12,0.6772311625879066,True,0.2185567358378839,54,1-2min
Test1,2019-11-04 23:34:12,0.6772311625879066,True,0.22800769253297096,53,1-2min
Test1,2019-11-04 23:34:10,0.6814277023489321,True,0.22800769253297096,52,1-2min
Test1,2019-11-04 23:34:10,0.6814277023489321,True,0.21493091988277355,51,1-2min
Test1,2019-11-04 23:34:08,0.6863732012302596,True,0.21493091988277355,50,1-2min
Test1,2019-11-04 23:34:06,0.6839269386156169,True,0.2065175575631177,49,1-2min
Test1,2019-11-04 23:34:06,0.6839269386156169,True,0.2121544060064156,48,1-2min
Test1,2019-11-04 23:34:04,0.6844882518339529,True,0.2121544060064156,47,1-2min
Test1,2019-11-04 23:34:02,0.6853177394304806,True,0.21544005010416117,46,1-2min
Test1,2019-11-04 23:34:02,0.6853177394304806,True,0.22624897211662334,45,1-2min
Test1,2019-11-04 23:34:00,0.6872922083358676,True,0.22624897211662334,44,1-2min
Test1,2019-11-04 23:33:58,0.6895216622860868,True,0.2250814704606625,43,1-2min
Test1,2019-11-04 23:33:56,0.6846697222460522,True,0.2334865096239461,42,1-2min
Test1,2019-11-04 23:33:56,0.6846697222460522,True,0.2223328380419743,41,1-2min
Test1,2019-11-04 23:33:54,0.6814269061824206,True,0.2223328380419743,40,1-2min
Test1,2019-11-04 23:33:52,0.6841107471507084,True,0.21182023675952782,39,1-2min
Test1,2019-11-04 23:33:50,0.6837760574115582,True,0.21967642180083763,38,1-2min
Test1,2019-11-04 23:33:50,0.6837760574115582,True,0.22298460609076223,37,1-2min
Test1,2019-11-04 23:33:48,0.6782637571818131,True,0.22298460609076223,36,1-2min
Test1,2019-11-04 23:33:46,0.675294037960108,True,0.22316981266904348,35,1-2min
Test1,2019-11-04 23:33:46,0.675294037960108,True,0.2121283075737695,34,1-2min
Test1,2019-11-04 23:33:44,0.6773488950723408,True,0.2121283075737695,33,1-2min
Test1,2019-11-04 23:33:44,0.6773488950723408,True,0.21894066121539535,32,1-2min
Test1,2019-11-04 23:33:42,0.6759315250974031,True,0.21894066121539535,31,1-2min
Test1,2019-11-04 23:33:42,0.6759315250974031,True,0.23193099996288055,30,<1min
Test1,2019-11-04 23:33:40,0.6779381483154272,True,0.23193099996288055,29,<1min
Test1,2019-11-04 23:33:38,0.6765247316441482,True,0.2377397604471316,28,<1min
Test1,2019-11-04 23:33:36,0.6722290189031074,True,0.25019644267370605,27,<1min
Test1,2019-11-04 23:33:34,0.6691453955233582,True,0.25826646311804513,26,<1min
Test1,2019-11-04 23:33:32,0.6719163857417199,True,0.24995272048004075,25,<1min
Test1,2019-11-04 23:33:32,0.6719163857417199,True,0.2500631147302556,24,<1min
Test1,2019-11-04 23:33:30,0.6665333709791031,True,0.2500631147302556,23,<1min
Test1,2019-11-04 23:33:30,0.6665333709791031,True,0.25399741918508084,22,<1min
Test1,2019-11-04 23:33:28,0.6681559816449442,True,0.25399741918508084,21,<1min
Test1,2019-11-04 23:33:28,0.6681559816449442,True,0.25837967398271044,20,<1min
Test1,2019-11-04 23:33:26,0.6687750532822845,True,0.25837967398271044,19,<1min
Test1,2019-11-04 23:33:26,0.6687750532822845,True,0.2660470001810716,18,<1min
Test1,2019-11-04 23:33:24,0.6717699752883904,True,0.2660470001810716,17,<1min
Test1,2019-11-04 23:33:24,0.6717699752883904,True,0.27531974774679646,16,<1min
Test1,2019-11-04 23:33:22,0.6755302785896691,True,0.27531974774679646,15,<30sec
Test1,2019-11-04 23:33:22,0.6755302785896691,True,0.2667269777515986,14,<30sec
Test1,2019-11-04 23:33:20,0.6717692415598057,True,0.2667269777515986,13,<30sec
Test1,2019-11-04 23:33:18,0.6665862970254186,True,0.25636292804357386,12,<30sec
Test1,2019-11-04 23:33:18,0.6665862970254186,True,0.24981922030750114,11,<30sec
Test1,2019-11-04 23:33:16,0.6670568868133407,True,0.24981922030750114,10,<30sec
Test1,2019-11-04 23:33:14,0.6682699595862482,True,0.25033308479740357,9,<30sec
Test1,2019-11-04 23:33:14,0.6682699595862482,True,0.24247286000776241,8,<30sec
Test1,2019-11-04 23:33:12,0.6653819217584721,True,0.24247286000776241,7,<30sec
Test1,2019-11-04 23:33:12,0.6653819217584721,True,0.23009169973615992,6,<30sec
Test1,2019-11-04 23:33:10,0.6705572598461678,True,0.23009169973615992,5,<30sec
Test1,2019-11-04 23:33:08,0.6722682079759285,True,0.2233538386796205,4,<30sec
Test1,2019-11-04 23:33:06,0.6771906902127882,True,0.2183871743458773,3,<30sec
Test1,2019-11-04 23:33:04,0.6777321593700526,True,0.21679068451400949,2,<30sec
Test1,2019-11-04 23:33:03,0.6748051916318755,True,0.21022686297887413,1,<30sec
Test1,2019-11-04 23:33:03,0.0,True,0.21022686297887413,0,failure
Test1,2019-11-04 23:14:52,0.0,False,0.0,0,failure
Test1,2019-11-04 23:14:52,0.0,False,0.2219919273938724,0,failure
Test1,2019-11-04 23:14:52,0.0,False,0.0,0,failure
Test1,2019-11-04 23:14:52,0.0,False,0.2219919273938724,0,failure
Test1,2019-11-04 23:14:50,0.11513573440659425,False,0.2219919273938724,56,1-2min
Test1,2019-11-04 23:14:50,0.11513573440659425,True,0.2219919273938724,55,1-2min
Test1,2019-11-04 23:14:48,0.11941408507816186,True,0.22919799360363585,54,1-2min
Test1,2019-11-04 23:14:48,0.11941408507816186,True,0.23925620141521287,53,1-2min
Test1,2019-11-04 23:14:46,0.12029051524613014,True,0.23925620141521287,52,1-2min
Test1,2019-11-04 23:14:44,0.11658000726420217,True,0.2395683264453457,51,1-2min
Test1,2019-11-04 23:14:44,0.11658000726420217,True,0.239445172035053,50,1-2min
Test1,2019-11-04 23:14:42,0.11639456747728662,True,0.239445172035053,49,1-2min
Test1,2019-11-04 23:14:40,0.11327222192247244,True,0.24201744666505365,48,1-2min
Test1,2019-11-04 23:14:38,0.11200433775491855,True,0.23302290987975918,47,1-2min
Test1,2019-11-04 23:14:38,0.11200433775491855,True,0.2244119808349229,46,1-2min
Test1,2019-11-04 23:14:36,0.10783847273139481,True,0.2244119808349229,45,1-2min
Test1,2019-11-04 23:14:36,0.10783847273139481,True,0.23323017969102788,44,1-2min
Test1,2019-11-04 23:14:34,0.10514822138928237,True,0.23323017969102788,43,1-2min
Test1,2019-11-04 23:14:34,0.10514822138928237,True,0.22423952467419864,42,1-2min
Test1,2019-11-04 23:14:32,0.1039033842650824,True,0.22423952467419864,41,1-2min
Test1,2019-11-04 23:14:32,0.1039033842650824,True,0.22054571146469043,40,1-2min
Test1,2019-11-04 23:14:30,0.10663532469264989,True,0.22054571146469043,39,1-2min
Test1,2019-11-04 23:14:30,0.10663532469264989,True,0.21412024170724048,38,1-2min
Test1,2019-11-04 23:14:28,0.10671047769655345,True,0.21412024170724048,37,1-2min
Test1,2019-11-04 23:14:26,0.10504928360612491,True,0.20953378572472314,36,1-2min
Test1,2019-11-04 23:14:26,0.10504928360612491,True,0.21521508462693867,35,1-2min
Test1,2019-11-04 23:14:24,0.10003849202350093,True,0.21521508462693867,34,1-2min
Test1,2019-11-04 23:14:24,0.10003849202350093,True,0.2080602015621343,33,1-2min
Test1,2019-11-04 23:14:23,0.09559740214784902,True,0.2080602015621343,32,1-2min
Test1,2019-11-04 23:14:22,0.6803921409425197,True,0.2080602015621343,31,1-2min
Test1,2019-11-04 23:14:22,0.6803921409425197,True,0.20774907409816334,30,<1min
Test1,2019-11-04 23:14:20,0.6795341834234552,True,0.20774907409816334,29,<1min
Test1,2019-11-04 23:14:20,0.6795341834234552,True,0.2116051000141331,28,<1min
Test1,2019-11-04 23:14:18,0.6820265501382925,True,0.2116051000141331,27,<1min
Test1,2019-11-04 23:14:16,0.6833193524195071,True,0.22054064042045798,26,<1min
Test1,2019-11-04 23:14:16,0.6833193524195071,True,0.20812732062182931,25,<1min
Test1,2019-11-04 23:14:14,0.6878390845666991,True,0.20812732062182931,24,<1min
Test1,2019-11-04 23:14:14,0.6878390845666991,True,0.2012900505188093,23,<1min
Test1,2019-11-04 23:14:12,0.6866169174828979,True,0.2012900505188093,22,<1min
Test1,2019-11-04 23:14:12,0.6866169174828979,True,0.2003822291842805,21,<1min
Test1,2019-11-04 23:14:10,0.6888596274785989,True,0.2003822291842805,20,<1min
Test1,2019-11-04 23:14:10,0.6888596274785989,True,0.2096199471609998,19,<1min
Test1,2019-11-04 23:14:08,0.6852477793943968,True,0.2096199471609998,18,<1min
Test1,2019-11-04 23:14:08,0.6852477793943968,True,0.2092695154445171,17,<1min
Test1,2019-11-04 23:14:06,0.6851646474495409,True,0.2092695154445171,16,<1min
Test1,2019-11-04 23:14:04,0.6848674984882506,True,0.21019302751301475,15,<30sec
Test1,2019-11-04 23:14:04,0.6848674984882506,True,0.21269487001477919,14,<30sec
Test1,2019-11-04 23:14:02,0.6817821021292945,True,0.21269487001477919,13,<30sec
Test1,2019-11-04 23:14:02,0.6817821021292945,True,0.21125585552807247,12,<30sec
Test1,2019-11-04 23:14:00,0.6803974641230348,True,0.21125585552807247,11,<30sec
Test1,2019-11-04 23:14:00,0.6803974641230348,True,0.2051918585972074,10,<30sec
Test1,2019-11-04 23:13:58,0.6754382060600995,True,0.2051918585972074,9,<30sec
Test1,2019-11-04 23:13:58,0.6754382060600995,True,0.1986918907572366,8,<30sec
Test1,2019-11-04 23:13:56,0.6766331432496511,True,0.1986918907572366,7,<30sec
Test1,2019-11-04 23:13:56,0.6766331432496511,True,0.21135884962948426,6,<30sec
Test1,2019-11-04 23:13:54,0.6739625177384955,True,0.21135884962948426,5,<30sec
Test1,2019-11-04 23:13:54,0.6739625177384955,True,0.20191932055903186,4,<30sec
Test1,2019-11-04 23:13:52,0.6733018606663872,True,0.20191932055903186,3,<30sec
Test1,2019-11-04 23:13:52,0.6733018606663872,True,0.202645243645545,2,<30sec
Test1,2019-11-04 23:13:50,0.6697473155331689,True,0.202645243645545,1,<30sec
Test1,2019-11-04 23:13:50,0.6748051916318755,True,0.21022686297887413,0,failure
Test1,2019-11-04 23:13:44,0.0,False,0.0,0,failure
Test1,2019-11-04 23:13:42,0.31490908942820856,False,0.697850647239916,69,1-2min
Test1,2019-11-04 23:13:42,0.31490908942820856,True,0.697850647239916,68,1-2min
Test1,2019-11-04 23:13:42,0.4048846485466862,True,0.697850647239916,67,1-2min
Test1,2019-11-04 23:13:42,0.4048846485466862,True,0.6983527876395701,66,1-2min
Test1,2019-11-04 23:13:40,0.4084617938640775,True,0.6983527876395701,65,1-2min
Test1,2019-11-04 23:13:40,0.4084617938640775,True,0.6915180455397577,64,1-2min
Test1,2019-11-04 23:13:38,0.41016785046974824,True,0.6915180455397577,63,1-2min
Test1,2019-11-04 23:13:36,0.41129766278974345,True,0.6887070831597186,62,1-2min
Test1,2019-11-04 23:13:36,0.41129766278974345,True,0.6870404019579233,61,1-2min
Test1,2019-11-04 23:13:34,0.41370207019775684,True,0.6870404019579233,60,1-2min
Test1,2019-11-04 23:13:32,0.4084015166782428,True,0.6849507008475526,59,1-2min
Test1,2019-11-04 23:13:32,0.4084015166782428,True,0.6878302408737079,58,1-2min
Test1,2019-11-04 23:13:30,0.4078047895133758,True,0.6878302408737079,57,1-2min
Test1,2019-11-04 23:13:30,0.4078047895133758,True,0.6926425873348491,56,1-2min
Test1,2019-11-04 23:13:28,0.4032080627982221,True,0.6926425873348491,55,1-2min
Test1,2019-11-04 23:13:28,0.4032080627982221,True,0.6975834532254382,54,1-2min
Test1,2019-11-04 23:13:28,0.39925973838219303,True,0.6975834532254382,53,1-2min
Test1,2019-11-04 23:13:26,0.6570064935894031,True,0.6975834532254382,52,1-2min
Test1,2019-11-04 23:13:26,0.6570064935894031,True,0.7059157629329729,51,1-2min
Test1,2019-11-04 23:13:24,0.6610900673552357,True,0.7059157629329729,50,1-2min
Test1,2019-11-04 23:13:24,0.6610900673552357,True,0.694638311637872,49,1-2min
Test1,2019-11-04 23:13:22,0.6618521788537227,True,0.694638311637872,48,1-2min
Test1,2019-11-04 23:13:20,0.6577251574029602,True,0.6835624413237124,47,1-2min
Test1,2019-11-04 23:13:20,0.6577251574029602,True,0.6808444775497278,46,1-2min
Test1,2019-11-04 23:13:18,0.6589608084292969,True,0.6808444775497278,45,1-2min
Test1,2019-11-04 23:13:18,0.6589608084292969,True,0.6808032887182266,44,1-2min
Test1,2019-11-04 23:13:16,0.6623608025543525,True,0.6808032887182266,43,1-2min
Test1,2019-11-04 23:13:14,0.6659119900951911,True,0.6811422298495293,42,1-2min
Test1,2019-11-04 23:13:14,0.6659119900951911,True,0.6717687232069136,41,1-2min
Test1,2019-11-04 23:13:12,0.6692851581480503,True,0.6717687232069136,40,1-2min
Test1,2019-11-04 23:13:10,0.6697804055960412,True,0.6624122521435819,39,1-2min
Test1,2019-11-04 23:13:10,0.6697804055960412,True,0.6569589468089817,38,1-2min
Test1,2019-11-04 23:13:08,0.6656167083338139,True,0.6569589468089817,37,1-2min
Test1,2019-11-04 23:13:08,0.6656167083338139,True,0.5960532691393451,36,1-2min
Test1,2019-11-04 23:13:08,0.6656167083338139,True,0.597940940083696,35,1-2min
Test1,2019-11-04 23:13:06,0.6624908937536598,True,0.597940940083696,34,1-2min
Test1,2019-11-04 23:13:06,0.6624908937536598,True,0.5989796902446589,33,1-2min
Test1,2019-11-04 23:13:04,0.6680056835691854,True,0.5989796902446589,32,1-2min
Test1,2019-11-04 23:13:04,0.6680056835691854,True,0.5912630521280835,31,1-2min
Test1,2019-11-04 23:13:04,0.6711828537563332,True,0.5912630521280835,30,<1min
Test1,2019-11-04 23:13:02,0.6711828537563332,True,0.48025720774888847,29,<1min
Test1,2019-11-04 23:13:02,0.6711828537563332,True,0.47745857700553584,28,<1min
Test1,2019-11-04 23:13:00,0.6767742062686782,True,0.47745857700553584,27,<1min
Test1,2019-11-04 23:12:59,0.6714109436932688,True,0.4730104417024668,26,<1min
Test1,2019-11-04 23:12:58,0.6714109436932688,True,0.20795439547199895,25,<1min
Test1,2019-11-04 23:12:56,0.6743404606691603,True,0.2122134266277503,24,<1min
Test1,2019-11-04 23:12:56,0.6743404606691603,True,0.2234461699079325,23,<1min
Test1,2019-11-04 23:12:54,0.6708694673385077,True,0.2234461699079325,22,<1min
Test1,2019-11-04 23:12:54,0.6708694673385077,True,0.22047962876406488,21,<1min
Test1,2019-11-04 23:12:52,0.6682091366748205,True,0.22047962876406488,20,<1min
Test1,2019-11-04 23:12:52,0.6682091366748205,True,0.2256608915118411,19,<1min
Test1,2019-11-04 23:12:52,0.6682091366748205,True,0.22047962876406488,18,<1min
Test1,2019-11-04 23:12:52,0.6682091366748205,True,0.2256608915118411,17,<1min
Test1,2019-11-04 23:12:52,0.6682091366748205,True,0.22047962876406488,16,<1min
Test1,2019-11-04 23:12:50,0.6686848516141557,True,0.22047962876406488,15,<30sec
Test1,2019-11-04 23:12:50,0.6686848516141557,True,0.2096631995373986,14,<30sec
Test1,2019-11-04 23:12:48,0.6672679961800934,True,0.2096631995373986,13,<30sec
Test1,2019-11-04 23:12:48,0.6672679961800934,True,0.2041374126006226,12,<30sec
Test1,2019-11-04 23:12:46,0.6616522168019288,True,0.2041374126006226,11,<30sec
Test1,2019-11-04 23:12:46,0.6616522168019288,True,0.20063676629882987,10,<30sec
Test1,2019-11-04 23:12:44,0.6671192498804658,True,0.20063676629882987,9,<30sec
Test1,2019-11-04 23:12:44,0.6671192498804658,True,0.1968652260684655,8,<30sec
Test1,2019-11-04 23:12:42,0.6717452172095558,True,0.1968652260684655,7,<30sec
Test1,2019-11-04 23:12:42,0.6717452172095558,True,0.18890552015506276,6,<30sec
Test1,2019-11-04 23:12:40,0.6686857330462161,True,0.18890552015506276,5,<30sec
Test1,2019-11-04 23:12:38,0.6667294872303257,True,0.2015369337855022,4,<30sec
Test1,2019-11-04 23:12:38,0.6667294872303257,True,0.20597707941165133,3,<30sec
Test1,2019-11-04 23:12:36,0.6712995407111907,True,0.20597707941165133,2,<30sec
Test1,2019-11-04 23:12:34,0.6759492517446951,True,0.21650821622600852,1,<30sec
Test1,2019-11-04 23:12:34,0.6748051916318755,True,0.21022686297887413,0,failure
Test1,2019-11-04 23:12:33,0.30928571283127626,False,0.2759227576597723,0,failure
Test1,2019-11-04 23:12:32,0.5525519635945297,False,0.27666008152142235,138,>2min
Test1,2019-11-04 23:12:32,0.5525519635945297,True,0.27666008152142235,137,>2min
Test1,2019-11-04 23:12:32,0.5525519635945297,True,0.285149974914162,136,>2min
Test1,2019-11-04 23:12:30,0.5480211233606488,True,0.285149974914162,135,>2min
Test1,2019-11-04 23:12:28,0.5448003549954749,True,0.28454692829490547,134,>2min
Test1,2019-11-04 23:12:28,0.5448003549954749,True,0.27495220383803587,133,>2min
Test1,2019-11-04 23:12:26,0.5392860842190196,True,0.27495220383803587,132,>2min
Test1,2019-11-04 23:12:26,0.5392860842190196,True,0.27628637899246944,131,>2min
Test1,2019-11-04 23:12:24,0.5380861135069379,True,0.27628637899246944,130,>2min
Test1,2019-11-04 23:12:22,0.541751865696851,True,0.2738175096669868,129,>2min
Test1,2019-11-04 23:12:20,0.5405497302007428,True,0.2643799587393246,128,>2min
Test1,2019-11-04 23:12:20,0.5405497302007428,True,0.2623527624836744,127,>2min
Test1,2019-11-04 23:12:18,0.5439271652135877,True,0.2623527624836744,126,>2min
Test1,2019-11-04 23:12:16,0.5474143697094537,True,0.25540398614961346,125,>2min
Test1,2019-11-04 23:12:14,0.5448200299561796,True,0.2649696889086558,124,>2min
Test1,2019-11-04 23:12:14,0.5448200299561796,True,0.2745890978900726,123,>2min
Test1,2019-11-04 23:12:12,0.5453879387127119,True,0.2745890978900726,122,>2min
Test1,2019-11-04 23:12:12,0.5453879387127119,True,0.27861118045125444,121,>2min
Test1,2019-11-04 23:12:10,0.5505369119595883,True,0.27861118045125444,120,1-2min
Test1,2019-11-04 23:12:08,0.5508923281803625,True,0.28776258550127903,119,1-2min
Test1,2019-11-04 23:12:08,0.5508923281803625,True,0.2884566619295586,118,1-2min
Test1,2019-11-04 23:12:06,0.549316328829909,True,0.2884566619295586,117,1-2min
Test1,2019-11-04 23:12:06,0.549316328829909,True,0.2956483575003276,116,1-2min
Test1,2019-11-04 23:12:04,0.5469626318163887,True,0.2956483575003276,115,1-2min
Test1,2019-11-04 23:12:04,0.5469626318163887,True,0.3024086092791044,114,1-2min
Test1,2019-11-04 23:12:02,0.5487317613981388,True,0.3024086092791044,113,1-2min
Test1,2019-11-04 23:12:00,0.5512643907470772,True,0.29748672420436706,112,1-2min
Test1,2019-11-04 23:11:58,0.549457707012228,True,0.2890529482988484,111,1-2min
Test1,2019-11-04 23:11:56,0.5521526398735149,True,0.2766023966371111,110,1-2min
Test1,2019-11-04 23:11:56,0.5521526398735149,True,0.2669904769799721,109,1-2min
Test1,2019-11-04 23:11:54,0.5472927062045019,True,0.2669904769799721,108,1-2min
Test1,2019-11-04 23:11:54,0.5472927062045019,True,0.26795991298748445,107,1-2min
Test1,2019-11-04 23:11:52,0.5488505669549585,True,0.26795991298748445,106,1-2min
Test1,2019-11-04 23:11:50,0.5450346900831728,True,0.26732204671945636,105,1-2min
Test1,2019-11-04 23:11:48,0.547444882774676,True,0.25434048599531645,104,1-2min
Test1,2019-11-04 23:11:46,0.5440916559752427,True,0.25620025130500185,103,1-2min
Test1,2019-11-04 23:11:44,0.5445986745913874,True,0.2508259224856261,102,1-2min
Test1,2019-11-04 23:11:42,0.5414369645343341,True,0.2523032204951309,101,1-2min
Test1,2019-11-04 23:11:42,0.5414369645343341,True,0.25427627715477435,100,1-2min
Test1,2019-11-04 23:11:40,0.5366922921769783,True,0.25427627715477435,99,1-2min
Test1,2019-11-04 23:11:38,0.5370539284506317,True,0.25890245531145084,98,1-2min
Test1,2019-11-04 23:11:38,0.5370539284506317,True,0.25337666257535674,97,1-2min
Test1,2019-11-04 23:11:36,0.5336976995576447,True,0.25337666257535674,96,1-2min
Test1,2019-11-04 23:11:36,0.5336976995576447,True,0.2599979309832473,95,1-2min
Test1,2019-11-04 23:11:34,0.5368037407285396,True,0.2599979309832473,94,1-2min
Test1,2019-11-04 23:11:34,0.5368037407285396,True,0.25731786219572167,93,1-2min
Test1,2019-11-04 23:11:32,0.5327182332864564,True,0.25731786219572167,92,1-2min
Test1,2019-11-04 23:11:32,0.5327182332864564,True,0.26608275452690894,91,1-2min
Test1,2019-11-04 23:11:30,0.5289517090418763,True,0.26608275452690894,90,1-2min
Test1,2019-11-04 23:11:28,0.52379379277239,True,0.26146110758900926,89,1-2min
Test1,2019-11-04 23:11:28,0.52379379277239,True,0.26278514888296584,88,1-2min
Test1,2019-11-04 23:11:26,0.5216996228214763,True,0.26278514888296584,87,1-2min
Test1,2019-11-04 23:11:24,0.5194987356782068,True,0.2664193776449241,86,1-2min
Test1,2019-11-04 23:11:22,0.520950218369912,True,0.2540450866768202,85,1-2min
Test1,2019-11-04 23:11:20,0.52366167445229,True,0.2590917348362368,84,1-2min
Test1,2019-11-04 23:11:20,0.52366167445229,True,0.2499389897508904,83,1-2min
Test1,2019-11-04 23:11:18,0.5274995652709844,True,0.2499389897508904,82,1-2min
Test1,2019-11-04 23:11:16,0.523295307379137,True,0.25819591394035596,81,1-2min
Test1,2019-11-04 23:11:16,0.523295307379137,True,0.26502772822940296,80,1-2min
Test1,2019-11-04 23:11:14,0.5205749725733335,True,0.26502772822940296,79,1-2min
Test1,2019-11-04 23:11:14,0.5205749725733335,True,0.2759227576597723,78,1-2min
Test1,2019-11-04 23:11:13,0.520998176665849,True,0.2759227576597723,77,1-2min
Test1,2019-11-04 23:11:12,0.5258800453133817,True,0.27825402449444503,76,1-2min
Test1,2019-11-04 23:11:12,0.5258800453133817,True,0.28537043149407415,75,1-2min
Test1,2019-11-04 23:11:10,0.5236768616607538,True,0.28537043149407415,74,1-2min
Test1,2019-11-04 23:11:08,0.520998176665849,True,0.2937280277407795,73,1-2min
Test1,2019-11-04 23:11:08,0.520998176665849,True,0.30362134780428074,72,1-2min
Test1,2019-11-04 23:11:06,0.5184946368103308,True,0.30362134780428074,71,1-2min
Test1,2019-11-04 23:11:06,0.5184946368103308,True,0.29997124069752223,70,1-2min
Test1,2019-11-04 23:11:04,0.5214154743270647,True,0.29997124069752223,69,1-2min
Test1,2019-11-04 23:11:04,0.5214154743270647,True,0.30279899617949585,68,1-2min
Test1,2019-11-04 23:11:02,0.5269868458971309,True,0.30279899617949585,67,1-2min
Test1,2019-11-04 23:11:00,0.5236033993176799,True,0.29645961097353657,66,1-2min
Test1,2019-11-04 23:10:58,0.5241057505881348,True,0.2885635983498931,65,1-2min
Test1,2019-11-04 23:10:56,0.5212486769106403,True,0.29126757677254855,64,1-2min
Test1,2019-11-04 23:10:54,0.5235133331467777,True,0.28692295871783025,63,1-2min
Test1,2019-11-04 23:10:52,0.5181328074197694,True,0.2876304186199387,62,1-2min
Test1,2019-11-04 23:10:52,0.5181328074197694,True,0.27690820085839574,61,1-2min
Test1,2019-11-04 23:10:50,0.5231113283597779,True,0.27690820085839574,60,1-2min
Test1,2019-11-04 23:10:48,0.5235660418817,True,0.269848168232871,59,1-2min
Test1,2019-11-04 23:10:46,0.5187572848509215,True,0.27736128418382855,58,1-2min
Test1,2019-11-04 23:10:44,0.5190071139589232,True,0.27021576899163624,57,1-2min
Test1,2019-11-04 23:10:42,0.5174993827811399,True,0.2729433176060392,56,1-2min
Test1,2019-11-04 23:10:42,0.5174993827811399,True,0.28167969091044975,55,1-2min
Test1,2019-11-04 23:10:40,0.5188703149948082,True,0.28167969091044975,54,1-2min
Test1,2019-11-04 23:10:40,0.5188703149948082,True,0.289061936595952,53,1-2min
Test1,2019-11-04 23:10:38,0.5173506469177712,True,0.289061936595952,52,1-2min
Test1,2019-11-04 23:10:38,0.5128990714241112,True,0.24968387882394383,51,1-2min
Test1,2019-11-04 23:10:37,0.5173506469177712,True,0.24620646325497236,50,1-2min
Test1,2019-11-04 23:10:36,0.5901604965447821,True,0.2397765483680557,49,1-2min
Test1,2019-11-04 23:10:34,0.5881845218303692,True,0.24620646325497236,48,1-2min
Test1,2019-11-04 23:10:32,0.5868686393413046,True,0.24060179656981664,47,1-2min
Test1,2019-11-04 23:10:30,0.5830709904229158,True,0.23975989546600718,46,1-2min
Test1,2019-11-04 23:10:30,0.5830709904229158,True,0.23758863438357605,45,1-2min
Test1,2019-11-04 23:10:28,0.5870042463516949,True,0.23758863438357605,44,1-2min
Test1,2019-11-04 23:10:28,0.5870042463516949,True,0.24033402416090444,43,1-2min
Test1,2019-11-04 23:10:26,0.5893101430735295,True,0.24033402416090444,42,1-2min
Test1,2019-11-04 23:10:26,0.5893101430735295,True,0.24742884950863261,41,1-2min
Test1,2019-11-04 23:10:24,0.5840858331912234,True,0.24742884950863261,40,1-2min
Test1,2019-11-04 23:10:24,0.5840858331912234,True,0.24762194804601279,39,1-2min
Test1,2019-11-04 23:10:23,0.5848311660809588,True,0.24762194804601279,38,1-2min
Test1,2019-11-04 23:10:22,0.6709599934938346,True,0.2830555146543671,37,1-2min
Test1,2019-11-04 23:10:20,0.6659723344544916,True,0.2757444538097201,36,1-2min
Test1,2019-11-04 23:10:20,0.6659723344544916,True,0.2723419991100405,35,1-2min
Test1,2019-11-04 23:10:18,0.6695282893620632,True,0.2723419991100405,34,1-2min
Test1,2019-11-04 23:10:18,0.6695282893620632,True,0.25928523730971653,33,1-2min
Test1,2019-11-04 23:10:16,0.6644636903748866,True,0.25928523730971653,32,1-2min
Test1,2019-11-04 23:10:14,0.6683333827477789,True,0.24762194804601279,31,1-2min
Test1,2019-11-04 23:10:14,0.6683333827477789,True,0.24048537077773127,30,<1min
Test1,2019-11-04 23:10:12,0.6713122278484847,True,0.24048537077773127,29,<1min
Test1,2019-11-04 23:10:12,0.6713122278484847,True,0.24666682957669508,28,<1min
Test1,2019-11-04 23:10:10,0.6677055436417568,True,0.24666682957669508,27,<1min
Test1,2019-11-04 23:10:10,0.6677055436417568,True,0.23490049559928458,26,<1min
Test1,2019-11-04 23:10:08,0.6711531277530729,True,0.23490049559928458,25,<1min
Test1,2019-11-04 23:10:06,0.6758846270175107,True,0.2466151899736739,24,<1min
Test1,2019-11-04 23:10:04,0.6769700462050304,True,0.23789426348055348,23,<1min
Test1,2019-11-04 23:10:02,0.6785794368793999,True,0.22753605663872084,22,<1min
Test1,2019-11-04 23:10:02,0.6785794368793999,True,0.2238909801036652,21,<1min
Test1,2019-11-04 23:10:00,0.6770832691478507,True,0.2238909801036652,20,<1min
Test1,2019-11-04 23:09:58,0.6768981342130699,True,0.2304413168897604,19,<1min
Test1,2019-11-04 23:09:56,0.6800436529314331,True,0.23354423142236064,18,<1min
Test1,2019-11-04 23:09:54,0.6811824851375571,True,0.24049124313478323,17,<1min
Test1,2019-11-04 23:09:52,0.6767846642776941,True,0.24519783196275421,16,<1min
Test1,2019-11-04 23:09:50,0.6804544554374038,True,0.25577585537584235,15,<30sec
Test1,2019-11-04 23:09:48,0.6807397896339924,True,0.24380118641366988,14,<30sec
Test1,2019-11-04 23:09:46,0.6771249677301407,True,0.24667070480398748,13,<30sec
Test1,2019-11-04 23:09:44,0.6746603246665446,True,0.23664989334630313,12,<30sec
Test1,2019-11-04 23:09:42,0.6742835884179421,True,0.23369130211523945,11,<30sec
Test1,2019-11-04 23:09:40,0.679036828942906,True,0.22142401074914397,10,<30sec
Test1,2019-11-04 23:09:38,0.6794646485531542,True,0.21464019715168983,9,<30sec
Test1,2019-11-04 23:09:36,0.6830812137041486,True,0.21203934120626372,8,<30sec
Test1,2019-11-04 23:09:36,0.6830812137041486,True,0.2122391311010231,7,<30sec
Test1,2019-11-04 23:09:34,0.682145709955571,True,0.2122391311010231,6,<30sec
Test1,2019-11-04 23:09:32,0.6777121444505432,True,0.2202268281711508,5,<30sec
Test1,2019-11-04 23:09:30,0.678032602225189,True,0.21080505824831747,4,<30sec
Test1,2019-11-04 23:09:30,0.678032602225189,True,0.21194785621206327,3,<30sec
Test1,2019-11-04 23:09:28,0.6800410776414396,True,0.21194785621206327,2,<30sec
Test1,2019-11-04 23:09:28,0.6800410776414396,True,0.21022686297887413,1,<30sec
Test1,2019-11-04 23:09:28,0.6748051916318755,True,0.21022686297887413,0,failure
Test1,2019-11-04 23:08:46,0.0,False,0.0,0,failure
Test1,2019-11-04 23:08:44,0.6236949170900106,False,0.3094657351477766,376,>2min
Test1,2019-11-04 23:08:44,0.6236949170900106,True,0.3094657351477766,375,>2min
Test1,2019-11-04 23:08:42,0.6276245215922162,True,0.3032338994890916,374,>2min
Test1,2019-11-04 23:08:40,0.6324871871210078,True,0.2988121506474161,373,>2min
Test1,2019-11-04 23:08:40,0.6324871871210078,True,0.2901551003430639,372,>2min
Test1,2019-11-04 23:08:38,0.6287833230634994,True,0.2901551003430639,371,>2min
Test1,2019-11-04 23:08:37,0.6316950316605034,True,0.3022011155321316,370,>2min
Test1,2019-11-04 23:08:36,0.6261860289192498,True,0.2413594143790468,369,>2min
Test1,2019-11-04 23:08:36,0.6261860289192498,True,0.23230210457136494,368,>2min
Test1,2019-11-04 23:08:34,0.6293824322626026,True,0.23230210457136494,367,>2min
Test1,2019-11-04 23:08:32,0.6316950316605034,True,0.22863256440109353,366,>2min
Test1,2019-11-04 23:08:30,0.6263325097936152,True,0.2417244480282601,365,>2min
Test1,2019-11-04 23:08:28,0.6242811912735906,True,0.24006180203991825,364,>2min
Test1,2019-11-04 23:08:28,0.6242811912735906,True,0.2415684273413341,363,>2min
Test1,2019-11-04 23:08:26,0.6233955473815275,True,0.2415684273413341,362,>2min
Test1,2019-11-04 23:08:24,0.618226975023072,True,0.24272883324546385,361,>2min
Test1,2019-11-04 23:08:22,0.6163691008304567,True,0.2498299698335242,360,>2min
Test1,2019-11-04 23:08:20,0.620964926827094,True,0.2600361564851777,359,>2min
Test1,2019-11-04 23:08:20,0.620964926827094,True,0.2680827127697649,358,>2min
Test1,2019-11-04 23:08:18,0.6236857434277137,True,0.2680827127697649,357,>2min
Test1,2019-11-04 23:08:16,0.6187997321384453,True,0.25787827983560097,356,>2min
Test1,2019-11-04 23:08:14,0.6219418666105749,True,0.25063092633566164,355,>2min
Test1,2019-11-04 23:08:12,0.6176011814972048,True,0.25499212868504734,354,>2min
Test1,2019-11-04 23:08:12,0.6176011814972048,True,0.2556193040433238,353,>2min
Test1,2019-11-04 23:08:10,0.6215752892890324,True,0.2556193040433238,352,>2min
Test1,2019-11-04 23:08:10,0.6215752892890324,True,0.26535476110095085,351,>2min
Test1,2019-11-04 23:08:08,0.6256009625616633,True,0.26535476110095085,350,>2min
Test1,2019-11-04 23:08:08,0.6256009625616633,True,0.26572962559808827,349,>2min
Test1,2019-11-04 23:08:06,0.6242871417138238,True,0.26572962559808827,348,>2min
Test1,2019-11-04 23:08:04,0.6195582180993678,True,0.2752086859259016,347,>2min
Test1,2019-11-04 23:08:04,0.6195582180993678,True,0.26865990196040623,346,>2min
Test1,2019-11-04 23:08:02,0.6144677622027502,True,0.26865990196040623,345,>2min
Test1,2019-11-04 23:08:02,0.6144677622027502,True,0.27204073248235366,344,>2min
Test1,2019-11-04 23:08:00,0.6193982876644604,True,0.27204073248235366,343,>2min
Test1,2019-11-04 23:07:58,0.6225651466579958,True,0.27971163398744736,342,>2min
Test1,2019-11-04 23:07:56,0.6255790911847955,True,0.2706587673934872,341,>2min
Test1,2019-11-04 23:07:54,0.6241657687632672,True,0.2684061505379098,340,>2min
Test1,2019-11-04 23:07:54,0.6268957568011805,True,0.26763221210894234,339,>2min
Test1,2019-11-04 23:07:54,0.6268957568011805,True,0.2684061505379098,338,>2min
Test1,2019-11-04 23:07:52,0.6241657687632672,True,0.2684061505379098,337,>2min
Test1,2019-11-04 23:07:50,0.6258610626711073,True,0.2786069110040383,336,>2min
Test1,2019-11-04 23:07:48,0.6204003316410004,True,0.26581215512612427,335,>2min
Test1,2019-11-04 23:07:48,0.6204003316410004,True,0.27273160000637664,334,>2min
Test1,2019-11-04 23:07:46,0.6208345873350034,True,0.27273160000637664,333,>2min
Test1,2019-11-04 23:07:44,0.6231879479030512,True,0.2662174698868947,332,>2min
Test1,2019-11-04 23:07:44,0.6231879479030512,True,0.27148765034725736,331,>2min
Test1,2019-11-04 23:07:42,0.6250207830464831,True,0.27148765034725736,330,>2min
Test1,2019-11-04 23:07:42,0.6250207830464831,True,0.26066445976358166,329,>2min
Test1,2019-11-04 23:07:40,0.6283140294447558,True,0.26066445976358166,328,>2min
Test1,2019-11-04 23:07:40,0.6283140294447558,True,0.25925497049911567,327,>2min
Test1,2019-11-04 23:07:38,0.626416613636235,True,0.25925497049911567,326,>2min
Test1,2019-11-04 23:07:36,0.6269235885739752,True,0.2694594413806938,325,>2min
Test1,2019-11-04 23:07:34,0.624905447360905,True,0.2725562827099833,324,>2min
Test1,2019-11-04 23:07:32,0.6270791911021552,True,0.2680779220499871,323,>2min
Test1,2019-11-04 23:07:30,0.6216512986678208,True,0.2756706194503305,322,>2min
Test1,2019-11-04 23:07:30,0.6216512986678208,True,0.26525535215554,321,>2min
Test1,2019-11-04 23:07:28,0.6245585832949545,True,0.26525535215554,320,>2min
Test1,2019-11-04 23:07:26,0.6264366369037427,True,0.27503346263942113,319,>2min
Test1,2019-11-04 23:07:24,0.6252551200335865,True,0.27711612832466953,318,>2min
Test1,2019-11-04 23:07:24,0.6252551200335865,True,0.2709566200557454,317,>2min
Test1,2019-11-04 23:07:22,0.6287636104967473,True,0.2709566200557454,316,>2min
Test1,2019-11-04 23:07:22,0.6287636104967473,True,0.270648743574649,315,>2min
Test1,2019-11-04 23:07:20,0.6279093059442713,True,0.270648743574649,314,>2min
Test1,2019-11-04 23:07:20,0.6279093059442713,True,0.27377336910102756,313,>2min
Test1,2019-11-04 23:07:18,0.633009512623453,True,0.27377336910102756,312,>2min
Test1,2019-11-04 23:07:16,0.6301794573779597,True,0.26127914484581727,311,>2min
Test1,2019-11-04 23:07:16,0.6301794573779597,True,0.2629619468609887,310,>2min
Test1,2019-11-04 23:07:14,0.6321597655612562,True,0.2629619468609887,309,>2min
Test1,2019-11-04 23:07:14,0.6321597655612562,True,0.2632854140057392,308,>2min
Test1,2019-11-04 23:07:12,0.6266052727614921,True,0.2632854140057392,307,>2min
Test1,2019-11-04 23:07:12,0.6266052727614921,True,0.2502426810477082,306,>2min
Test1,2019-11-04 23:07:10,0.6231686985846746,True,0.2502426810477082,305,>2min
Test1,2019-11-04 23:07:08,0.6224681750486376,True,0.25384814761153485,304,>2min
Test1,2019-11-04 23:07:08,0.6224681750486376,True,0.258843558617264,303,>2min
Test1,2019-11-04 23:07:06,0.6190698981426818,True,0.258843558617264,302,>2min
Test1,2019-11-04 23:07:06,0.6190698981426818,True,0.2719580861318952,301,>2min
Test1,2019-11-04 23:07:04,0.6214902458101803,True,0.2719580861318952,300,>2min
Test1,2019-11-04 23:07:04,0.6214902458101803,True,0.2827923454879991,299,>2min
Test1,2019-11-04 23:07:02,0.6223736509197332,True,0.2827923454879991,298,>2min
Test1,2019-11-04 23:07:00,0.6261106712691931,True,0.2859580663107554,297,>2min
Test1,2019-11-04 23:06:58,0.6271510349316107,True,0.28080939674285477,296,>2min
Test1,2019-11-04 23:06:56,0.6246679529057426,True,0.29321154346946887,295,>2min
Test1,2019-11-04 23:06:54,0.6225459876914853,True,0.28505297118951595,294,>2min
Test1,2019-11-04 23:06:54,0.6225459876914853,True,0.2781742343750382,293,>2min
Test1,2019-11-04 23:06:52,0.6269638907728516,True,0.2781742343750382,292,>2min
Test1,2019-11-04 23:06:50,0.6237116364238595,True,0.27495674262779013,291,>2min
Test1,2019-11-04 23:06:48,0.6262468964664203,True,0.28670293492829324,290,>2min
Test1,2019-11-04 23:06:48,0.6262468964664203,True,0.2910324424463647,289,>2min
Test1,2019-11-04 23:06:46,0.6280189286926999,True,0.2910324424463647,288,>2min
Test1,2019-11-04 23:06:46,0.6280189286926999,True,0.2935782896202871,287,>2min
Test1,2019-11-04 23:06:44,0.628477950335765,True,0.2935782896202871,286,>2min
Test1,2019-11-04 23:06:44,0.628477950335765,True,0.28417015798412976,285,>2min
Test1,2019-11-04 23:06:42,0.6294431306964005,True,0.28417015798412976,284,>2min
Test1,2019-11-04 23:06:40,0.6324660065808306,True,0.27459904905602295,283,>2min
Test1,2019-11-04 23:06:38,0.6378527227667155,True,0.28648184458369524,282,>2min
Test1,2019-11-04 23:06:38,0.6378527227667155,True,0.2981927682757191,281,>2min
Test1,2019-11-04 23:06:36,0.6324726915997136,True,0.2981927682757191,280,>2min
Test1,2019-11-04 23:06:34,0.6275598291622404,True,0.3082309852898044,279,>2min
Test1,2019-11-04 23:06:32,0.6297077412677293,True,0.30919642342948955,278,>2min
Test1,2019-11-04 23:06:30,0.6290580970158873,True,0.31850985713548063,277,>2min
Test1,2019-11-04 23:06:30,0.6290580970158873,True,0.3076641013526136,276,>2min
Test1,2019-11-04 23:06:28,0.6291931779140202,True,0.3076641013526136,275,>2min
Test1,2019-11-04 23:06:26,0.6327212696938526,True,0.31059700094608045,274,>2min
Test1,2019-11-04 23:06:26,0.6327212696938526,True,0.3003290723876182,273,>2min
Test1,2019-11-04 23:06:24,0.6299879410340433,True,0.3003290723876182,272,>2min
Test1,2019-11-04 23:06:24,0.6299879410340433,True,0.31183016176397904,271,>2min
Test1,2019-11-04 23:06:22,0.6246874587121359,True,0.31183016176397904,270,>2min
Test1,2019-11-04 23:06:20,0.6217432141655789,True,0.31040115117047573,269,>2min
Test1,2019-11-04 23:06:18,0.6235283947300873,True,0.3130944272025251,268,>2min
Test1,2019-11-04 23:06:16,0.624450303262953,True,0.30661556997446754,267,>2min
Test1,2019-11-04 23:06:14,0.6278559827788915,True,0.3050060166367265,266,>2min
Test1,2019-11-04 23:06:12,0.6263939282260642,True,0.3171283478545968,265,>2min
Test1,2019-11-04 23:06:10,0.6231783711032538,True,0.3263958442655122,264,>2min
Test1,2019-11-04 23:06:08,0.6186707090743672,True,0.31612857206404577,263,>2min
Test1,2019-11-04 23:06:08,0.6186707090743672,True,0.30917598477636354,262,>2min
Test1,2019-11-04 23:06:06,0.6220152712319386,True,0.30917598477636354,261,>2min
Test1,2019-11-04 23:06:04,0.6188684945067487,True,0.30898036624829406,260,>2min
Test1,2019-11-04 23:06:02,0.6242572055282202,True,0.32107040342918086,259,>2min
Test1,2019-11-04 23:06:00,0.6292414118961063,True,0.32603877523190616,258,>2min
Test1,2019-11-04 23:06:00,0.6292414118961063,True,0.33609423486093276,257,>2min
Test1,2019-11-04 23:05:58,0.628230631738164,True,0.33609423486093276,256,>2min
Test1,2019-11-04 23:05:58,0.628230631738164,True,0.3364839776979451,255,>2min
Test1,2019-11-04 23:05:56,0.6324311880052983,True,0.3364839776979451,254,>2min
Test1,2019-11-04 23:05:56,0.6324311880052983,True,0.34656435305939126,253,>2min
Test1,2019-11-04 23:05:54,0.6328546130417109,True,0.34656435305939126,252,>2min
Test1,2019-11-04 23:05:52,0.6345738228653746,True,0.3336659091100387,251,>2min
Test1,2019-11-04 23:05:52,0.6345738228653746,True,0.32998303395999434,250,>2min
Test1,2019-11-04 23:05:50,0.6374457832808829,True,0.32998303395999434,249,>2min
Test1,2019-11-04 23:05:48,0.6338393757020832,True,0.3277639189940177,248,>2min
Test1,2019-11-04 23:05:46,0.6340504861767088,True,0.3292778556327277,247,>2min
Test1,2019-11-04 23:05:44,0.6363898031493578,True,0.33121615976413243,246,>2min
Test1,2019-11-04 23:05:42,0.6412449047206898,True,0.3187617743771947,245,>2min
Test1,2019-11-04 23:05:40,0.6444614991649825,True,0.3277775658608858,244,>2min
Test1,2019-11-04 23:05:38,0.6492737866579912,True,0.32488594592877823,243,>2min
Test1,2019-11-04 23:05:38,0.6492737866579912,True,0.3348769541458577,242,>2min
Test1,2019-11-04 23:05:36,0.6471365430126524,True,0.3348769541458577,241,>2min
Test1,2019-11-04 23:05:34,0.644163249127517,True,0.32609516361874763,240,>2min
Test1,2019-11-04 23:05:32,0.6464907140831652,True,0.31673321779137953,239,>2min
Test1,2019-11-04 23:05:30,0.6453021698940402,True,0.3053299780415253,238,>2min
Test1,2019-11-04 23:05:28,0.6468486646947198,True,0.29759616922510496,237,>2min
Test1,2019-11-04 23:05:28,0.6468486646947198,True,0.3032170540029939,236,>2min
Test1,2019-11-04 23:05:26,0.6516138571828435,True,0.3032170540029939,235,>2min
Test1,2019-11-04 23:05:26,0.6516138571828435,True,0.3152283150189601,234,>2min
Test1,2019-11-04 23:05:24,0.6508146741399999,True,0.3152283150189601,233,>2min
Test1,2019-11-04 23:05:22,0.6515197173119462,True,0.3056995906780724,232,>2min
Test1,2019-11-04 23:05:20,0.6488814646223382,True,0.31122233795883664,231,>2min
Test1,2019-11-04 23:05:20,0.6488814646223382,True,0.3153499975589337,230,>2min
Test1,2019-11-04 23:05:18,0.6538767609643409,True,0.3153499975589337,229,>2min
Test1,2019-11-04 23:05:16,0.6561620528044944,True,0.3216878668941961,228,>2min
Test1,2019-11-04 23:05:14,0.6562864052052463,True,0.3164803844674427,227,>2min
Test1,2019-11-04 23:05:12,0.660608656549282,True,0.31277546450087407,226,>2min
Test1,2019-11-04 23:05:10,0.6590780397121907,True,0.32579087871958146,225,>2min
Test1,2019-11-04 23:05:08,0.65556437302792,True,0.3132383082110145,224,>2min
Test1,2019-11-04 23:05:08,0.65556437302792,True,0.32227040362626685,223,>2min
Test1,2019-11-04 23:05:06,0.659428702081713,True,0.32227040362626685,222,>2min
Test1,2019-11-04 23:05:06,0.659428702081713,True,0.32540527748000214,221,>2min
Test1,2019-11-04 23:05:04,0.6641154064213651,True,0.32540527748000214,220,>2min
Test1,2019-11-04 23:05:04,0.6641154064213651,True,0.3237538755572229,219,>2min
Test1,2019-11-04 23:05:02,0.6677104422568086,True,0.3237538755572229,218,>2min
Test1,2019-11-04 23:05:00,0.6682578721639553,True,0.3188639956374276,217,>2min
Test1,2019-11-04 23:04:58,0.6717454592430719,True,0.3112713534687728,216,>2min
Test1,2019-11-04 23:04:58,0.6717454592430719,True,0.30764170678459496,215,>2min
Test1,2019-11-04 23:04:56,0.673787678462425,True,0.30764170678459496,214,>2min
Test1,2019-11-04 23:04:56,0.673787678462425,True,0.3113311626736294,213,>2min
Test1,2019-11-04 23:04:54,0.6752604592908409,True,0.3113311626736294,212,>2min
Test1,2019-11-04 23:04:52,0.6716696981452766,True,0.30793373138490016,211,>2min
Test1,2019-11-04 23:04:50,0.6732545867999956,True,0.3026965939441631,210,>2min
Test1,2019-11-04 23:04:50,0.6732545867999956,True,0.2926253748003068,209,>2min
Test1,2019-11-04 23:04:48,0.6701498214419195,True,0.2926253748003068,208,>2min
Test1,2019-11-04 23:04:46,0.6718433057357533,True,0.2827141952404031,207,>2min
Test1,2019-11-04 23:04:46,0.6718433057357533,True,0.2951320455919442,206,>2min
Test1,2019-11-04 23:04:44,0.6705491539452041,True,0.2951320455919442,205,>2min
Test1,2019-11-04 23:04:42,0.6664122813366891,True,0.3045579315408766,204,>2min
Test1,2019-11-04 23:04:42,0.6664122813366891,True,0.3047271848419955,203,>2min
Test1,2019-11-04 23:04:40,0.6646465370900109,True,0.3047271848419955,202,>2min
Test1,2019-11-04 23:04:38,0.663473682891162,True,0.31633030589035444,201,>2min
Test1,2019-11-04 23:04:36,0.6645587555833465,True,0.30690993332246325,200,>2min
Test1,2019-11-04 23:04:34,0.6655946951047395,True,0.30124305388739997,199,>2min
Test1,2019-11-04 23:04:34,0.6655946951047395,True,0.29625837637261904,198,>2min
Test1,2019-11-04 23:04:32,0.6612299442844818,True,0.29625837637261904,197,>2min
Test1,2019-11-04 23:04:30,0.6568885207966957,True,0.2923065400629566,196,>2min
Test1,2019-11-04 23:04:28,0.654760564750813,True,0.2884155672935606,195,>2min
Test1,2019-11-04 23:04:28,0.654760564750813,True,0.29585246503759827,194,>2min
Test1,2019-11-04 23:04:26,0.6598210655163272,True,0.29585246503759827,193,>2min
Test1,2019-11-04 23:04:26,0.6598210655163272,True,0.28926987965284184,192,>2min
Test1,2019-11-04 23:04:24,0.6628769963341167,True,0.28926987965284184,191,>2min
Test1,2019-11-04 23:04:22,0.6645994120968184,True,0.2806867332621034,190,>2min
Test1,2019-11-04 23:04:22,0.6645994120968184,True,0.28272800575668805,189,>2min
Test1,2019-11-04 23:04:20,0.6596534558978017,True,0.28272800575668805,188,>2min
Test1,2019-11-04 23:04:20,0.6596534558978017,True,0.279018607376708,187,>2min
Test1,2019-11-04 23:04:18,0.6599355676826529,True,0.279018607376708,186,>2min
Test1,2019-11-04 23:04:16,0.6612359718736883,True,0.2800213072306883,185,>2min
Test1,2019-11-04 23:04:14,0.6584915288146914,True,0.28358387551979675,184,>2min
Test1,2019-11-04 23:04:12,0.6627739403960441,True,0.2814254540420549,183,>2min
Test1,2019-11-04 23:04:10,0.6679326742518259,True,0.2736789843272683,182,>2min
Test1,2019-11-04 23:04:08,0.6722550905146711,True,0.2834299240630021,181,>2min
Test1,2019-11-04 23:04:06,0.6741415286844683,True,0.2794981948117551,180,>2min
Test1,2019-11-04 23:04:06,0.6741415286844683,True,0.28038538332122104,179,>2min
Test1,2019-11-04 23:04:04,0.6723875709921449,True,0.28038538332122104,178,>2min
Test1,2019-11-04 23:04:02,0.6724614394797337,True,0.2838829557995467,177,>2min
Test1,2019-11-04 23:04:02,0.6724614394797337,True,0.27691880595679913,176,>2min
Test1,2019-11-04 23:04:00,0.677919227020633,True,0.27691880595679913,175,>2min
Test1,2019-11-04 23:03:58,0.6826000216774185,True,0.28720722402455107,174,>2min
Test1,2019-11-04 23:03:56,0.6843433619677801,True,0.28333255642474375,173,>2min
Test1,2019-11-04 23:03:54,0.6876454423551631,True,0.28973408084935337,172,>2min
Test1,2019-11-04 23:03:52,0.6826988311569826,True,0.29505688167729244,171,>2min
Test1,2019-11-04 23:03:52,0.6826988311569826,True,0.2978460690168416,170,>2min
Test1,2019-11-04 23:03:50,0.6787799606267477,True,0.2978460690168416,169,>2min
Test1,2019-11-04 23:03:50,0.6787799606267477,True,0.3057757265045816,168,>2min
Test1,2019-11-04 23:03:48,0.6741895873754045,True,0.3057757265045816,167,>2min
Test1,2019-11-04 23:03:48,0.6741895873754045,True,0.3144318196732797,166,>2min
Test1,2019-11-04 23:03:46,0.6743632259895433,True,0.3144318196732797,165,>2min
Test1,2019-11-04 23:03:44,0.6722384830007935,True,0.3093516874900065,164,>2min
Test1,2019-11-04 23:03:42,0.6677705349032619,True,0.30963496642729654,163,>2min
Test1,2019-11-04 23:03:40,0.6732866385066474,True,0.31031880299142534,162,>2min
Test1,2019-11-04 23:03:40,0.6732866385066474,True,0.29770632925157936,161,>2min
Test1,2019-11-04 23:03:38,0.6770820554319826,True,0.29770632925157936,160,>2min
Test1,2019-11-04 23:03:36,0.6802714637172839,True,0.2878413137219538,159,>2min
Test1,2019-11-04 23:03:34,0.684185397124751,True,0.2950402645701117,158,>2min
Test1,2019-11-04 23:03:32,0.6862772704600373,True,0.28443758137831904,157,>2min
Test1,2019-11-04 23:03:32,0.6862772704600373,True,0.28563167358210045,156,>2min
Test1,2019-11-04 23:03:30,0.683566098230556,True,0.28563167358210045,155,>2min
Test1,2019-11-04 23:03:30,0.683566098230556,True,0.29634636476578075,154,>2min
Test1,2019-11-04 23:03:28,0.681202496427153,True,0.29634636476578075,153,>2min
Test1,2019-11-04 23:03:26,0.6861478774100462,True,0.2839244158987272,152,>2min
Test1,2019-11-04 23:03:24,0.6843296641173544,True,0.28761328077587955,151,>2min
Test1,2019-11-04 23:03:22,0.6835752181484311,True,0.2971927535174977,150,>2min
Test1,2019-11-04 23:03:20,0.6824471068104127,True,0.30779562105254843,149,>2min
Test1,2019-11-04 23:03:18,0.682013717026983,True,0.30047745064503856,148,>2min
Test1,2019-11-04 23:03:16,0.6775053440175928,True,0.299132750656785,147,>2min
Test1,2019-11-04 23:03:16,0.6775053440175928,True,0.29661511176594046,146,>2min
Test1,2019-11-04 23:03:14,0.6774307346911121,True,0.29661511176594046,145,>2min
Test1,2019-11-04 23:03:14,0.6774307346911121,True,0.30067362633440686,144,>2min
Test1,2019-11-04 23:03:12,0.6782830685426448,True,0.30067362633440686,143,>2min
Test1,2019-11-04 23:03:10,0.6767834922329659,True,0.29748187048845104,142,>2min
Test1,2019-11-04 23:03:08,0.6751316793130658,True,0.2919723176020917,141,>2min
Test1,2019-11-04 23:03:08,0.6751316793130658,True,0.30255004386235107,140,>2min
Test1,2019-11-04 23:03:06,0.6783833146639173,True,0.30255004386235107,139,>2min
Test1,2019-11-04 23:03:04,0.6730074824097002,True,0.3129692427989239,138,>2min
Test1,2019-11-04 23:03:04,0.6730074824097002,True,0.3107777649067465,137,>2min
Test1,2019-11-04 23:03:02,0.6775471418493996,True,0.3107777649067465,136,>2min
Test1,2019-11-04 23:03:00,0.6763544200536215,True,0.31035243512500754,135,>2min
Test1,2019-11-04 23:02:58,0.6799254488242664,True,0.30401719609156425,134,>2min
Test1,2019-11-04 23:02:56,0.6825375105439652,True,0.3136355948951663,133,>2min
Test1,2019-11-04 23:02:54,0.6837726339564856,True,0.30656549998507787,132,>2min
Test1,2019-11-04 23:02:54,0.6837726339564856,True,0.3178868103207746,131,>2min
Test1,2019-11-04 23:02:52,0.6819646565564484,True,0.3178868103207746,130,>2min
Test1,2019-11-04 23:02:50,0.6819537982378722,True,0.3179617855847436,129,>2min
Test1,2019-11-04 23:02:48,0.680863949272318,True,0.32840421728779823,128,>2min
Test1,2019-11-04 23:02:46,0.6802395618900262,True,0.33907457879538033,127,>2min
Test1,2019-11-04 23:02:44,0.6763926762470843,True,0.33585271946402734,126,>2min
Test1,2019-11-04 23:02:42,0.6760037296703921,True,0.32903033257677317,125,>2min
Test1,2019-11-04 23:02:40,0.6754737008741726,True,0.3208481475845979,124,>2min
Test1,2019-11-04 23:02:38,0.6712856733056111,True,0.30972332501039795,123,>2min
Test1,2019-11-04 23:02:36,0.6747962956755291,True,0.3172061239008744,122,>2min
Test1,2019-11-04 23:02:36,0.6747962956755291,True,0.30768055455072774,121,>2min
Test1,2019-11-04 23:02:34,0.67056114494609,True,0.30768055455072774,120,1-2min
Test1,2019-11-04 23:02:32,0.6710508483473444,True,0.2986219910859224,119,1-2min
Test1,2019-11-04 23:02:30,0.6752911081049586,True,0.2918397261064636,118,1-2min
Test1,2019-11-04 23:02:28,0.6764910558708386,True,0.3014553140316121,117,1-2min
Test1,2019-11-04 23:02:26,0.6745503732215496,True,0.29766276705347583,116,1-2min
Test1,2019-11-04 23:02:24,0.6696515719069611,True,0.28792413222418045,115,1-2min
Test1,2019-11-04 23:02:22,0.6668365789304,True,0.29163290581120793,114,1-2min
Test1,2019-11-04 23:02:22,0.6668365789304,True,0.279349460203606,113,1-2min
Test1,2019-11-04 23:02:20,0.6711859545103966,True,0.279349460203606,112,1-2min
Test1,2019-11-04 23:02:18,0.6669430445774426,True,0.2668486307030348,111,1-2min
Test1,2019-11-04 23:02:16,0.6697501621458448,True,0.26264067418783293,110,1-2min
Test1,2019-11-04 23:02:14,0.6729979165433316,True,0.2597252278877484,109,1-2min
Test1,2019-11-04 23:02:12,0.6780638960858395,True,0.2638414800227199,108,1-2min
Test1,2019-11-04 23:02:10,0.6817004431506397,True,0.2526885424669189,107,1-2min
Test1,2019-11-04 23:02:10,0.6817004431506397,True,0.26411803475181245,106,1-2min
Test1,2019-11-04 23:02:08,0.6829578616224162,True,0.26411803475181245,105,1-2min
Test1,2019-11-04 23:02:06,0.6883399180001181,True,0.2639573228955998,104,1-2min
Test1,2019-11-04 23:02:04,0.6912049623934565,True,0.2756804620924579,103,1-2min
Test1,2019-11-04 23:02:02,0.6966889260190298,True,0.28273317046907537,102,1-2min
Test1,2019-11-04 23:02:00,0.6973176937700294,True,0.27062706778391304,101,1-2min
Test1,2019-11-04 23:01:58,0.6989062093060782,True,0.2755239118332949,100,1-2min
Test1,2019-11-04 23:01:56,0.696695856376441,True,0.27055676964441905,99,1-2min
Test1,2019-11-04 23:01:56,0.696695856376441,True,0.26760756136851377,98,1-2min
Test1,2019-11-04 23:01:54,0.694397220219075,True,0.26760756136851377,97,1-2min
Test1,2019-11-04 23:01:52,0.6996330090836365,True,0.27895061679117106,96,1-2min
Test1,2019-11-04 23:01:52,0.6996330090836365,True,0.27285543237902354,95,1-2min
Test1,2019-11-04 23:01:50,0.695107709787405,True,0.27285543237902354,94,1-2min
Test1,2019-11-04 23:01:50,0.695107709787405,True,0.27654558571681004,93,1-2min
Test1,2019-11-04 23:01:48,0.6905667808243215,True,0.27654558571681004,92,1-2min
Test1,2019-11-04 23:01:46,0.6914243676884565,True,0.2859335811062757,91,1-2min
Test1,2019-11-04 23:01:46,0.6914243676884565,True,0.2755194727016875,90,1-2min
Test1,2019-11-04 23:01:44,0.69593939859877,True,0.2755194727016875,89,1-2min
Test1,2019-11-04 23:01:44,0.69593939859877,True,0.2657471971983434,88,1-2min
Test1,2019-11-04 23:01:42,0.6933319704792569,True,0.2657471971983434,87,1-2min
Test1,2019-11-04 23:01:40,0.6901126709470957,True,0.2771687757028106,86,1-2min
Test1,2019-11-04 23:01:38,0.6863789515333956,True,0.2699428906281287,85,1-2min
Test1,2019-11-04 23:01:36,0.6856649283863672,True,0.2823962533233822,84,1-2min
Test1,2019-11-04 23:01:34,0.6891160982194123,True,0.2926517791968756,83,1-2min
Test1,2019-11-04 23:01:32,0.6880330029647006,True,0.286645452596385,82,1-2min
Test1,2019-11-04 23:01:30,0.6837394972327497,True,0.2752356740263548,81,1-2min
Test1,2019-11-04 23:01:30,0.6837394972327497,True,0.2781822566493011,80,1-2min
Test1,2019-11-04 23:01:28,0.6821954393808414,True,0.2781822566493011,79,1-2min
Test1,2019-11-04 23:01:28,0.6821954393808414,True,0.28505368362949496,78,1-2min
Test1,2019-11-04 23:01:26,0.677168147889794,True,0.28505368362949496,77,1-2min
Test1,2019-11-04 23:01:24,0.6743668599334659,True,0.27819278174691103,76,1-2min
Test1,2019-11-04 23:01:22,0.6779619479896494,True,0.2842767053771003,75,1-2min
Test1,2019-11-04 23:01:20,0.6748600530882216,True,0.28784252465991006,74,1-2min
Test1,2019-11-04 23:01:20,0.6748600530882216,True,0.29477254101111694,73,1-2min
Test1,2019-11-04 23:01:18,0.6790390657067362,True,0.29477254101111694,72,1-2min
Test1,2019-11-04 23:01:16,0.6807559480717712,True,0.29683368602491084,71,1-2min
Test1,2019-11-04 23:01:16,0.6807559480717712,True,0.28959409149265586,70,1-2min
Test1,2019-11-04 23:01:14,0.6793678513479094,True,0.28959409149265586,69,1-2min
Test1,2019-11-04 23:01:14,0.6793678513479094,True,0.2984233424789375,68,1-2min
Test1,2019-11-04 23:01:12,0.6846035658695826,True,0.2984233424789375,67,1-2min
Test1,2019-11-04 23:01:10,0.6842742298806727,True,0.2899873425044192,66,1-2min
Test1,2019-11-04 23:01:08,0.680922841646043,True,0.2853725495613799,65,1-2min
Test1,2019-11-04 23:01:08,0.680922841646043,True,0.2755401657844927,64,1-2min
Test1,2019-11-04 23:01:06,0.6843133479344414,True,0.2755401657844927,63,1-2min
Test1,2019-11-04 23:01:06,0.6843133479344414,True,0.26629665758814475,62,1-2min
Test1,2019-11-04 23:01:04,0.6846232094028889,True,0.26629665758814475,61,1-2min
Test1,2019-11-04 23:01:04,0.6846232094028889,True,0.2577830018014003,60,1-2min
Test1,2019-11-04 23:01:02,0.6818103897866644,True,0.2577830018014003,59,1-2min
Test1,2019-11-04 23:01:00,0.6777782790119093,True,0.24979977587517815,58,1-2min
Test1,2019-11-04 23:00:58,0.6751110710549876,True,0.2399145792424886,57,1-2min
Test1,2019-11-04 23:00:56,0.6750738574163602,True,0.24229922242131935,56,1-2min
Test1,2019-11-04 23:00:56,0.6750738574163602,True,0.24699679892074677,55,1-2min
Test1,2019-11-04 23:00:54,0.6697940137010214,True,0.24699679892074677,54,1-2min
Test1,2019-11-04 23:00:52,0.6703518575243927,True,0.24190466415170267,53,1-2min
Test1,2019-11-04 23:00:50,0.6649493556929721,True,0.24493777466784655,52,1-2min
Test1,2019-11-04 23:00:48,0.6669194393957902,True,0.25656428675656556,51,1-2min
Test1,2019-11-04 23:00:46,0.6638304846756928,True,0.24776627158170286,50,1-2min
Test1,2019-11-04 23:00:44,0.6582327129718073,True,0.2360614605735241,49,1-2min
Test1,2019-11-04 23:00:42,0.6608901367159401,True,0.2305642387118866,48,1-2min
Test1,2019-11-04 23:00:40,0.6661956341573223,True,0.23139778714800704,47,1-2min
Test1,2019-11-04 23:00:40,0.6661956341573223,True,0.23247313997679098,46,1-2min
Test1,2019-11-04 23:00:38,0.666460845317504,True,0.23247313997679098,45,1-2min
Test1,2019-11-04 23:00:36,0.6706155930884983,True,0.24122652644770884,44,1-2min
Test1,2019-11-04 23:00:34,0.667224470982415,True,0.25330934589990384,43,1-2min
Test1,2019-11-04 23:00:32,0.6671352061314647,True,0.26023715962813604,42,1-2min
Test1,2019-11-04 23:00:30,0.6703480459198908,True,0.2623397606833115,41,1-2min
Test1,2019-11-04 23:00:28,0.6704604764312678,True,0.2550544552676808,40,1-2min
Test1,2019-11-04 23:00:26,0.6726807912465528,True,0.2521695501971289,39,1-2min
Test1,2019-11-04 23:00:24,0.6727918423525413,True,0.2414192575487744,38,1-2min
Test1,2019-11-04 23:00:24,0.6727918423525413,True,0.23531730429212366,37,1-2min
Test1,2019-11-04 23:00:22,0.6767857368412158,True,0.23531730429212366,36,1-2min
Test1,2019-11-04 23:00:22,0.6767857368412158,True,0.24140669619045577,35,1-2min
Test1,2019-11-04 23:00:20,0.6806325335932887,True,0.24140669619045577,34,1-2min
Test1,2019-11-04 23:00:18,0.6778131135931578,True,0.236136045937063,33,1-2min
Test1,2019-11-04 23:00:16,0.6736018851560256,True,0.2487933271255031,32,1-2min
Test1,2019-11-04 23:00:14,0.6745734993759335,True,0.25448433956273736,31,1-2min
Test1,2019-11-04 23:00:12,0.6776508559551613,True,0.24824308804777556,30,<1min
Test1,2019-11-04 23:00:12,0.6776508559551613,True,0.2557246026089117,29,<1min
Test1,2019-11-04 23:00:10,0.6734752056452827,True,0.2557246026089117,28,<1min
Test1,2019-11-04 23:00:08,0.6747539328395008,True,0.2516434297908211,27,<1min
Test1,2019-11-04 23:00:06,0.6781503399834807,True,0.2421485718493716,26,<1min
Test1,2019-11-04 23:00:06,0.6781503399834807,True,0.23184604975160805,25,<1min
Test1,2019-11-04 23:00:04,0.6740299318001803,True,0.23184604975160805,24,<1min
Test1,2019-11-04 23:00:02,0.6771510766619817,True,0.23819342743114028,23,<1min
Test1,2019-11-04 23:00:02,0.6771510766619817,True,0.2257588805563707,22,<1min
Test1,2019-11-04 23:00:00,0.6820325225624873,True,0.2257588805563707,21,<1min
Test1,2019-11-04 22:59:58,0.681779883778831,True,0.23239570062262782,20,<1min
Test1,2019-11-04 22:59:58,0.681779883778831,True,0.2196521367119369,19,<1min
Test1,2019-11-04 22:59:56,0.6819281102130688,True,0.2196521367119369,18,<1min
Test1,2019-11-04 22:59:56,0.6819281102130688,True,0.20791837590568726,17,<1min
Test1,2019-11-04 22:59:54,0.6866351870535979,True,0.20791837590568726,16,<1min
Test1,2019-11-04 22:59:52,0.6888851872402639,True,0.20535726163954443,15,<30sec
Test1,2019-11-04 22:59:50,0.6919072578985214,True,0.20828742652645293,14,<30sec
Test1,2019-11-04 22:59:48,0.68768034152024,True,0.20958578437245595,13,<30sec
Test1,2019-11-04 22:59:46,0.6838125551226656,True,0.20843322741390283,12,<30sec
Test1,2019-11-04 22:59:46,0.6838125551226656,True,0.19923310910822975,11,<30sec
Test1,2019-11-04 22:59:44,0.6841871044152482,True,0.19923310910822975,10,<30sec
Test1,2019-11-04 22:59:42,0.6862848187466154,True,0.2031816013501821,9,<30sec
Test1,2019-11-04 22:59:42,0.6862848187466154,True,0.20528115825689855,8,<30sec
Test1,2019-11-04 22:59:40,0.6825479943760363,True,0.20528115825689855,7,<30sec
Test1,2019-11-04 22:59:38,0.6795042223559183,True,0.2071963379300377,6,<30sec
Test1,2019-11-04 22:59:36,0.676179131618968,True,0.19945136039003797,5,<30sec
Test1,2019-11-04 22:59:34,0.6734414185831218,True,0.20355250435499397,4,<30sec
Test1,2019-11-04 22:59:32,0.6713763002446315,True,0.20790646244554747,3,<30sec
Test1,2019-11-04 22:59:30,0.6724710080311757,True,0.2131030699059457,2,<30sec
Test1,2019-11-04 22:59:28,0.6748051916318755,True,0.21022686297887413,1,<30sec
Test1,2019-11-04 22:59:28,0.0,True,0.0,0,failure
Test1,2019-11-04 22:51:50,0.0,False,0.0,0,failure
Test1,2019-11-04 22:51:48,0.060894456202620705,False,1.0,40,1-2min
Test1,2019-11-04 22:51:48,0.060894456202620705,True,1.0,39,1-2min
Test1,2019-11-04 22:51:46,0.06368097655747608,True,0.9985775991496522,38,1-2min
Test1,2019-11-04 22:51:46,0.06368097655747608,True,0.23155426707277524,37,1-2min
Test1,2019-11-04 22:51:46,0.06368097655747608,True,0.22392106707068699,36,1-2min
Test1,2019-11-04 22:51:44,0.06785541063697863,True,0.22392106707068699,35,1-2min
Test1,2019-11-04 22:51:42,0.06915659893188074,True,0.21627921963669383,34,1-2min
Test1,2019-11-04 22:51:40,0.07310389576011984,True,0.21625966817897302,33,1-2min
Test1,2019-11-04 22:51:40,0.6912660289161523,True,0.21625966817897302,32,1-2min
Test1,2019-11-04 22:51:40,0.6912660289161523,True,0.22148618126244568,31,1-2min
Test1,2019-11-04 22:51:38,0.696215124045391,True,0.22148618126244568,30,<1min
Test1,2019-11-04 22:51:38,0.696215124045391,True,0.22022458523870464,29,<1min
Test1,2019-11-04 22:51:36,0.7013081648595052,True,0.22022458523870464,28,<1min
Test1,2019-11-04 22:51:34,0.7032114187046109,True,0.21708868070559173,27,<1min
Test1,2019-11-04 22:51:32,0.7066664837566662,True,0.20635879218726438,26,<1min
Test1,2019-11-04 22:51:30,0.7020938319272856,True,0.20257817137917328,25,<1min
Test1,2019-11-04 22:51:30,0.7020938319272856,True,0.20320147363323784,24,<1min
Test1,2019-11-04 22:51:28,0.7031021772252554,True,0.20320147363323784,23,<1min
Test1,2019-11-04 22:51:28,0.7031021772252554,True,0.21334339334949068,22,<1min
Test1,2019-11-04 22:51:26,0.7029979118688425,True,0.21334339334949068,21,<1min
Test1,2019-11-04 22:51:24,0.7009813648312397,True,0.21993963405572695,20,<1min
Test1,2019-11-04 22:51:24,0.7009813648312397,True,0.2236182179845755,19,<1min
Test1,2019-11-04 22:51:22,0.7002466904527057,True,0.2236182179845755,18,<1min
Test1,2019-11-04 22:51:20,0.696964775347539,True,0.22119078100639203,17,<1min
Test1,2019-11-04 22:51:18,0.6958597084156287,True,0.21140550641672778,16,<1min
Test1,2019-11-04 22:51:16,0.6930550571824854,True,0.19921951910733834,15,<30sec
Test1,2019-11-04 22:51:14,0.6877230644323916,True,0.20217386426511103,14,<30sec
Test1,2019-11-04 22:51:14,0.6877230644323916,True,0.21220558065207404,13,<30sec
Test1,2019-11-04 22:51:12,0.6896870093944716,True,0.21220558065207404,12,<30sec
Test1,2019-11-04 22:51:12,0.6896870093944716,True,0.20072546407043224,11,<30sec
Test1,2019-11-04 22:51:10,0.6909268714580156,True,0.20072546407043224,10,<30sec
Test1,2019-11-04 22:51:10,0.6909268714580156,True,0.20270468181537854,9,<30sec
Test1,2019-11-04 22:51:08,0.6911590452713473,True,0.20270468181537854,8,<30sec
Test1,2019-11-04 22:51:08,0.6911590452713473,True,0.19308683915409594,7,<30sec
Test1,2019-11-04 22:51:06,0.6887868198586117,True,0.19308683915409594,6,<30sec
Test1,2019-11-04 22:51:06,0.6887868198586117,True,0.18908443847446094,5,<30sec
Test1,2019-11-04 22:51:04,0.6834536815947514,True,0.18908443847446094,4,<30sec
Test1,2019-11-04 22:51:02,0.6791944222990588,True,0.19210793506936216,3,<30sec
Test1,2019-11-04 22:51:00,0.6747606509936788,True,0.19414611674079266,2,<30sec
Test1,2019-11-04 22:50:58,0.6756243391155402,True,0.20121575045346243,1,<30sec
Test1,2019-11-04 22:50:56,0.6748051916318755,True,0.21022686297887413,0,failure
Test1,2019-11-04 22:50:22,0.0,False,0.0,0,failure
Test1,2019-11-04 22:50:20,0.670266458034675,False,0.8344325196746075,0,failure
