ts_step,entityId,timestamp,current,lampIsRunning,voltage,ttf,ttf_label
0,Test1,05.11.2019 09:19,0,FALSE,0,0,0.0
1,Test1,05.11.2019 09:19,0,FALSE,0,0,0.0
2,Test1,04.11.2019 23:40,0.635923323,TRUE,0.193140886,400,4.0
3,Test1,04.11.2019 23:40,0.635923323,TRUE,0.205486508,399,4.0
4,Test1,04.11.2019 23:40,0.631302416,TRUE,0.205486508,398,4.0
5,Test1,04.11.2019 23:40,0.631302416,TRUE,0.209363004,397,4.0
6,Test1,04.11.2019 23:40,0.628524554,TRUE,0.209363004,396,4.0
7,Test1,04.11.2019 23:40,0.627367133,TRUE,0.219790375,395,4.0
8,Test1,04.11.2019 23:40,0.627367133,TRUE,0.2119477,394,4.0
9,Test1,04.11.2019 23:40,0.621807788,TRUE,0.2119477,393,4.0
10,Test1,04.11.2019 23:40,0.621807788,TRUE,0.224168498,392,4.0
11,Test1,04.11.2019 23:40,0.616565192,TRUE,0.224168498,391,4.0
12,Test1,04.11.2019 23:40,0.616565192,TRUE,0.235230884,390,4.0
13,Test1,04.11.2019 23:40,0.614782275,TRUE,0.235230884,389,4.0
14,Test1,04.11.2019 23:40,0.614782275,TRUE,0.222846068,388,4.0
15,Test1,04.11.2019 23:40,0.615399334,TRUE,0.222846068,387,4.0
16,Test1,04.11.2019 23:40,0.615399334,TRUE,0.227560498,386,4.0
17,Test1,04.11.2019 23:40,0.616319322,TRUE,0.227560498,385,4.0
18,Test1,04.11.2019 23:40,0.616319322,TRUE,0.214505883,384,4.0
19,Test1,04.11.2019 23:40,0.617620111,TRUE,0.214505883,383,4.0
20,Test1,04.11.2019 23:40,0.617620111,TRUE,0.212927991,382,4.0
21,Test1,04.11.2019 23:40,0.616132429,TRUE,0.212927991,381,4.0
22,Test1,04.11.2019 23:40,0.616132429,TRUE,0.207982468,380,4.0
23,Test1,04.11.2019 23:40,0.613702481,TRUE,0.207982468,379,4.0
24,Test1,04.11.2019 23:40,0.608978566,TRUE,0.203303604,378,4.0
25,Test1,04.11.2019 23:40,0.608978566,TRUE,0.200476829,377,4.0
26,Test1,04.11.2019 23:40,0.60944361,TRUE,0.200476829,376,4.0
27,Test1,04.11.2019 23:40,0.60944361,TRUE,0.200887164,375,4.0
28,Test1,04.11.2019 23:40,0.606671339,TRUE,0.200887164,374,4.0
29,Test1,04.11.2019 23:40,0.606671339,TRUE,0.201729769,373,4.0
30,Test1,04.11.2019 23:40,0.608320183,TRUE,0.201729769,372,4.0
31,Test1,04.11.2019 23:40,0.608320183,TRUE,0.194244992,371,4.0
32,Test1,04.11.2019 23:40,0.612674314,TRUE,0.194244992,370,4.0
33,Test1,04.11.2019 23:40,0.613529706,TRUE,0.188740203,369,4.0
34,Test1,04.11.2019 23:40,0.613529706,TRUE,0.194877072,368,4.0
35,Test1,04.11.2019 23:40,0.618386442,TRUE,0.194877072,367,4.0
36,Test1,04.11.2019 23:40,0.618386442,TRUE,0.200141494,366,4.0
37,Test1,04.11.2019 23:40,0.614035011,TRUE,0.200141494,365,4.0
38,Test1,04.11.2019 23:40,0.614035011,TRUE,0.191269968,364,4.0
39,Test1,04.11.2019 23:40,0.613668417,TRUE,0.191269968,363,4.0
40,Test1,04.11.2019 23:40,0.613668417,TRUE,0.192909081,362,4.0
41,Test1,04.11.2019 23:40,0.616364397,TRUE,0.192909081,361,4.0
42,Test1,04.11.2019 23:40,0.616364397,TRUE,0.204679102,360,4.0
43,Test1,04.11.2019 23:40,0.616740035,TRUE,0.204679102,359,4.0
44,Test1,04.11.2019 23:40,0.616740035,TRUE,0.211469631,358,4.0
45,Test1,04.11.2019 23:40,0.612888716,TRUE,0.211469631,357,4.0
46,Test1,04.11.2019 23:40,0.612888716,TRUE,0.213714332,356,4.0
47,Test1,04.11.2019 23:39,0.611971937,TRUE,0.213714332,355,4.0
48,Test1,04.11.2019 23:39,0.611971937,TRUE,0.221420587,354,4.0
49,Test1,04.11.2019 23:39,0.613774513,TRUE,0.221420587,353,4.0
50,Test1,04.11.2019 23:39,0.618780148,TRUE,0.216090703,352,4.0
51,Test1,04.11.2019 23:39,0.618780148,TRUE,0.210552527,351,4.0
52,Test1,04.11.2019 23:39,0.613962572,TRUE,0.210552527,350,4.0
53,Test1,04.11.2019 23:39,0.613962572,TRUE,0.219902914,349,4.0
54,Test1,04.11.2019 23:39,0.618308961,TRUE,0.219902914,348,4.0
55,Test1,04.11.2019 23:39,0.618308961,TRUE,0.214473758,347,4.0
56,Test1,04.11.2019 23:39,0.619764838,TRUE,0.214473758,346,4.0
57,Test1,04.11.2019 23:39,0.619764838,TRUE,0.205204491,345,4.0
58,Test1,04.11.2019 23:39,0.620508306,TRUE,0.205204491,344,4.0
59,Test1,04.11.2019 23:39,0.617991238,TRUE,0.211458389,343,4.0
60,Test1,04.11.2019 23:39,0.617991238,TRUE,0.209471773,342,4.0
61,Test1,04.11.2019 23:39,0.617132425,TRUE,0.209471773,341,4.0
62,Test1,04.11.2019 23:39,0.617132425,TRUE,0.2059046,340,4.0
63,Test1,04.11.2019 23:39,0.616647126,TRUE,0.2059046,339,4.0
64,Test1,04.11.2019 23:39,0.616647126,TRUE,0.198253334,338,4.0
65,Test1,04.11.2019 23:39,0.620358135,TRUE,0.198253334,337,4.0
66,Test1,04.11.2019 23:39,0.620358135,TRUE,0.207451461,336,4.0
67,Test1,04.11.2019 23:39,0.624700103,TRUE,0.207451461,335,4.0
68,Test1,04.11.2019 23:39,0.624700103,TRUE,0.217835016,334,4.0
69,Test1,04.11.2019 23:39,0.626418459,TRUE,0.217835016,333,4.0
70,Test1,04.11.2019 23:39,0.626418459,TRUE,0.220075068,332,4.0
71,Test1,04.11.2019 23:39,0.621056516,TRUE,0.220075068,331,4.0
72,Test1,04.11.2019 23:39,0.621056516,TRUE,0.224229095,330,4.0
73,Test1,04.11.2019 23:39,0.621680217,TRUE,0.224229095,329,4.0
74,Test1,04.11.2019 23:39,0.62084352,TRUE,0.229621516,328,4.0
75,Test1,04.11.2019 23:39,0.62084352,TRUE,0.233989784,327,4.0
76,Test1,04.11.2019 23:39,0.624031081,TRUE,0.233989784,326,4.0
77,Test1,04.11.2019 23:39,0.624031081,TRUE,0.223103347,325,4.0
78,Test1,04.11.2019 23:39,0.622399156,TRUE,0.223103347,324,4.0
79,Test1,04.11.2019 23:39,0.622399156,TRUE,0.215857874,323,4.0
80,Test1,04.11.2019 23:39,0.62656181,TRUE,0.215857874,322,4.0
81,Test1,04.11.2019 23:39,0.625058268,TRUE,0.224935141,321,4.0
82,Test1,04.11.2019 23:39,0.625058268,TRUE,0.225550903,320,4.0
83,Test1,04.11.2019 23:39,0.625540091,TRUE,0.225550903,319,4.0
84,Test1,04.11.2019 23:39,0.619947451,TRUE,0.21737701,318,4.0
85,Test1,04.11.2019 23:39,0.619947451,TRUE,0.219031271,317,4.0
86,Test1,04.11.2019 23:39,0.625074489,TRUE,0.219031271,316,4.0
87,Test1,04.11.2019 23:39,0.628312049,TRUE,0.221589516,315,4.0
88,Test1,04.11.2019 23:39,0.624369447,TRUE,0.213209022,314,4.0
89,Test1,04.11.2019 23:39,0.626574937,TRUE,0.205108831,313,4.0
90,Test1,04.11.2019 23:39,0.622448436,TRUE,0.209789674,312,4.0
91,Test1,04.11.2019 23:39,0.621401765,TRUE,0.199552669,311,4.0
92,Test1,04.11.2019 23:39,0.621401765,TRUE,0.195326193,310,4.0
93,Test1,04.11.2019 23:39,0.617394602,TRUE,0.195326193,309,4.0
94,Test1,04.11.2019 23:39,0.620009799,TRUE,0.197676402,308,4.0
95,Test1,04.11.2019 23:38,0.62192081,TRUE,0.193985075,307,4.0
96,Test1,04.11.2019 23:38,0.617415879,TRUE,0.187789536,306,4.0
97,Test1,04.11.2019 23:38,0.617415879,TRUE,0.179768106,305,4.0
98,Test1,04.11.2019 23:38,0.617669923,TRUE,0.179768106,304,4.0
99,Test1,04.11.2019 23:38,0.617669923,TRUE,0.170924009,303,4.0
100,Test1,04.11.2019 23:38,0.622445616,TRUE,0.170924009,302,4.0
101,Test1,04.11.2019 23:38,0.624205826,TRUE,0.175653808,301,4.0
102,Test1,04.11.2019 23:38,0.624205826,TRUE,0.179175802,300,4.0
103,Test1,04.11.2019 23:38,0.62331225,TRUE,0.179175802,299,4.0
104,Test1,04.11.2019 23:38,0.62331225,TRUE,0.183156823,298,4.0
105,Test1,04.11.2019 23:38,0.625050808,TRUE,0.183156823,297,4.0
106,Test1,04.11.2019 23:38,0.625629521,TRUE,0.192837055,296,4.0
107,Test1,04.11.2019 23:38,0.625629521,TRUE,0.191106069,295,4.0
108,Test1,04.11.2019 23:38,0.629879972,TRUE,0.191106069,294,4.0
109,Test1,04.11.2019 23:38,0.629879972,TRUE,0.194574192,293,4.0
110,Test1,04.11.2019 23:38,0.627077429,TRUE,0.194574192,292,4.0
111,Test1,04.11.2019 23:38,0.627077429,TRUE,0.196968882,291,4.0
112,Test1,04.11.2019 23:38,0.628507446,TRUE,0.196968882,290,4.0
113,Test1,04.11.2019 23:38,0.628507446,TRUE,0.205377501,289,4.0
114,Test1,04.11.2019 23:38,0.624327587,TRUE,0.205377501,288,4.0
115,Test1,04.11.2019 23:38,0.624327587,TRUE,0.201082842,287,4.0
116,Test1,04.11.2019 23:38,0.627162182,TRUE,0.201082842,286,4.0
117,Test1,04.11.2019 23:38,0.627162182,TRUE,0.209178508,285,4.0
118,Test1,04.11.2019 23:38,0.63021828,TRUE,0.209178508,284,4.0
119,Test1,04.11.2019 23:38,0.630884515,TRUE,0.22127596,283,4.0
120,Test1,04.11.2019 23:38,0.630884515,TRUE,0.218298517,282,4.0
121,Test1,04.11.2019 23:38,0.633997611,TRUE,0.218298517,281,4.0
122,Test1,04.11.2019 23:38,0.633997611,TRUE,0.20595978,280,4.0
123,Test1,04.11.2019 23:38,0.63953736,TRUE,0.20595978,279,4.0
124,Test1,04.11.2019 23:38,0.63953736,TRUE,0.216966768,278,4.0
125,Test1,04.11.2019 23:38,0.636685148,TRUE,0.216966768,277,4.0
126,Test1,04.11.2019 23:38,0.634598758,TRUE,0.226059101,276,4.0
127,Test1,04.11.2019 23:38,0.634598758,TRUE,0.238373268,275,4.0
128,Test1,04.11.2019 23:38,0.63830537,TRUE,0.238373268,274,4.0
129,Test1,04.11.2019 23:38,0.63830537,TRUE,0.248269868,273,4.0
130,Test1,04.11.2019 23:38,0.637061367,TRUE,0.248269868,272,4.0
131,Test1,04.11.2019 23:38,0.637061367,TRUE,0.260416978,271,4.0
132,Test1,04.11.2019 23:38,0.63360157,TRUE,0.260416978,270,4.0
133,Test1,04.11.2019 23:38,0.63360157,TRUE,0.273423425,269,4.0
134,Test1,04.11.2019 23:38,0.63557235,TRUE,0.273423425,268,4.0
135,Test1,04.11.2019 23:38,0.63557235,TRUE,0.267982819,267,4.0
136,Test1,04.11.2019 23:38,0.630661876,TRUE,0.267982819,266,4.0
137,Test1,04.11.2019 23:38,0.627980384,TRUE,0.257076297,265,4.0
138,Test1,04.11.2019 23:38,0.627980384,TRUE,0.246386308,264,4.0
139,Test1,04.11.2019 23:38,0.631629558,TRUE,0.246386308,263,4.0
140,Test1,04.11.2019 23:38,0.631629558,TRUE,0.244358744,262,4.0
141,Test1,04.11.2019 23:38,0.629960237,TRUE,0.244358744,261,4.0
142,Test1,04.11.2019 23:38,0.634528763,TRUE,0.241883593,260,4.0
143,Test1,04.11.2019 23:38,0.634528763,TRUE,0.2477763,259,4.0
144,Test1,04.11.2019 23:38,0.634814955,TRUE,0.2477763,258,4.0
145,Test1,04.11.2019 23:38,0.634814955,TRUE,0.256633319,257,4.0
146,Test1,04.11.2019 23:38,0.634770919,TRUE,0.256633319,256,4.0
147,Test1,04.11.2019 23:37,0.633204113,TRUE,0.25800355,255,4.0
148,Test1,04.11.2019 23:37,0.634786693,TRUE,0.270476633,254,4.0
149,Test1,04.11.2019 23:37,0.630775881,TRUE,0.270532633,253,4.0
150,Test1,04.11.2019 23:37,0.630775881,TRUE,0.277491586,252,4.0
151,Test1,04.11.2019 23:37,0.635229278,TRUE,0.277491586,251,4.0
152,Test1,04.11.2019 23:37,0.635229278,TRUE,0.267269224,250,4.0
153,Test1,04.11.2019 23:37,0.63811944,TRUE,0.267269224,249,4.0
154,Test1,04.11.2019 23:37,0.635715455,TRUE,0.279031471,248,4.0
155,Test1,04.11.2019 23:37,0.637323232,TRUE,0.274218587,247,4.0
156,Test1,04.11.2019 23:37,0.637323232,TRUE,0.264848533,246,4.0
157,Test1,04.11.2019 23:37,0.635055334,TRUE,0.264848533,245,4.0
158,Test1,04.11.2019 23:37,0.631756117,TRUE,0.275095667,244,4.0
159,Test1,04.11.2019 23:37,0.631756117,TRUE,0.266334462,243,4.0
160,Test1,04.11.2019 23:37,0.632680093,TRUE,0.266334462,242,4.0
161,Test1,04.11.2019 23:37,0.632680093,TRUE,0.268826026,241,4.0
162,Test1,04.11.2019 23:37,0.627794774,TRUE,0.268826026,240,4.0
163,Test1,04.11.2019 23:37,0.627794774,TRUE,0.277412518,239,4.0
164,Test1,04.11.2019 23:37,0.626854789,TRUE,0.277412518,238,4.0
165,Test1,04.11.2019 23:37,0.626854789,TRUE,0.287065568,237,4.0
166,Test1,04.11.2019 23:37,0.627174243,TRUE,0.287065568,236,4.0
167,Test1,04.11.2019 23:37,0.627174243,TRUE,0.282303778,235,4.0
168,Test1,04.11.2019 23:37,0.629229269,TRUE,0.282303778,234,4.0
169,Test1,04.11.2019 23:37,0.629229269,TRUE,0.273296471,233,4.0
170,Test1,04.11.2019 23:37,0.628050366,TRUE,0.273296471,232,4.0
171,Test1,04.11.2019 23:37,0.628050366,TRUE,0.266801167,231,4.0
172,Test1,04.11.2019 23:37,0.625392042,TRUE,0.266801167,230,4.0
173,Test1,04.11.2019 23:37,0.625392042,TRUE,0.255652027,229,4.0
174,Test1,04.11.2019 23:37,0.630820471,TRUE,0.255652027,228,4.0
175,Test1,04.11.2019 23:37,0.630820471,TRUE,0.253875422,227,4.0
176,Test1,04.11.2019 23:37,0.632661339,TRUE,0.253875422,226,4.0
177,Test1,04.11.2019 23:37,0.632661339,TRUE,0.25845684,225,4.0
178,Test1,04.11.2019 23:37,0.63670585,TRUE,0.25845684,224,4.0
179,Test1,04.11.2019 23:37,0.63670585,TRUE,0.257868391,223,4.0
180,Test1,04.11.2019 23:37,0.641954785,TRUE,0.257868391,222,4.0
181,Test1,04.11.2019 23:37,0.641954785,TRUE,0.255539227,221,4.0
182,Test1,04.11.2019 23:37,0.646081797,TRUE,0.255539227,220,4.0
183,Test1,04.11.2019 23:37,0.646081797,TRUE,0.267003575,219,4.0
184,Test1,04.11.2019 23:37,0.646071043,TRUE,0.267003575,218,4.0
185,Test1,04.11.2019 23:37,0.646071043,TRUE,0.265146541,217,4.0
186,Test1,04.11.2019 23:37,0.64252715,TRUE,0.265146541,216,4.0
187,Test1,04.11.2019 23:37,0.642152681,TRUE,0.257759124,215,4.0
188,Test1,04.11.2019 23:37,0.636761106,TRUE,0.256426383,214,4.0
189,Test1,04.11.2019 23:37,0.636761106,TRUE,0.26243303,213,4.0
190,Test1,04.11.2019 23:37,0.639563753,TRUE,0.26243303,212,4.0
191,Test1,04.11.2019 23:37,0.639563753,TRUE,0.25409614,211,4.0
192,Test1,04.11.2019 23:37,0.635058846,TRUE,0.25409614,210,4.0
193,Test1,04.11.2019 23:37,0.635058846,TRUE,0.265491526,209,4.0
194,Test1,04.11.2019 23:37,0.64064243,TRUE,0.265491526,208,4.0
195,Test1,04.11.2019 23:37,0.64064243,TRUE,0.272174386,207,4.0
196,Test1,04.11.2019 23:37,0.644013164,TRUE,0.272174386,206,4.0
197,Test1,04.11.2019 23:37,0.644013164,TRUE,0.273628905,205,4.0
198,Test1,04.11.2019 23:37,0.646010043,TRUE,0.273628905,204,4.0
199,Test1,04.11.2019 23:36,0.649747521,TRUE,0.281594208,203,4.0
200,Test1,04.11.2019 23:36,0.649747521,TRUE,0.285410862,202,4.0
201,Test1,04.11.2019 23:36,0.653431934,TRUE,0.285410862,201,4.0
202,Test1,04.11.2019 23:36,0.6537781,TRUE,0.28301053,200,4.0
203,Test1,04.11.2019 23:36,0.653325583,TRUE,0.27881926,199,4.0
204,Test1,04.11.2019 23:36,0.653325583,TRUE,0.2709778,198,4.0
205,Test1,04.11.2019 23:36,0.648711327,TRUE,0.2709778,197,4.0
206,Test1,04.11.2019 23:36,0.648711327,TRUE,0.283477329,196,4.0
207,Test1,04.11.2019 23:36,0.648392516,TRUE,0.283477329,195,4.0
208,Test1,04.11.2019 23:36,0.648392516,TRUE,0.271651749,194,4.0
209,Test1,04.11.2019 23:36,0.652187639,TRUE,0.271651749,193,4.0
210,Test1,04.11.2019 23:36,0.654795079,TRUE,0.282681673,192,4.0
211,Test1,04.11.2019 23:36,0.654795079,TRUE,0.270579019,191,4.0
212,Test1,04.11.2019 23:36,0.650447943,TRUE,0.270579019,190,4.0
213,Test1,04.11.2019 23:36,0.650340504,TRUE,0.259159409,189,4.0
214,Test1,04.11.2019 23:36,0.649974145,TRUE,0.249529719,188,4.0
215,Test1,04.11.2019 23:36,0.649974145,TRUE,0.253348621,187,4.0
216,Test1,04.11.2019 23:36,0.649103421,TRUE,0.253348621,186,4.0
217,Test1,04.11.2019 23:36,0.647345057,TRUE,0.244966493,185,4.0
218,Test1,04.11.2019 23:36,0.652743255,TRUE,0.23963146,184,4.0
219,Test1,04.11.2019 23:36,0.647564717,TRUE,0.238846047,183,4.0
220,Test1,04.11.2019 23:36,0.647564717,TRUE,0.22802464,182,4.0
221,Test1,04.11.2019 23:36,0.647482066,TRUE,0.22802464,181,4.0
222,Test1,04.11.2019 23:36,0.647482066,TRUE,0.215196001,180,4.0
223,Test1,04.11.2019 23:36,0.647723073,TRUE,0.215196001,179,4.0
224,Test1,04.11.2019 23:36,0.646657009,TRUE,0.22231731,178,4.0
225,Test1,04.11.2019 23:36,0.646657009,TRUE,0.232601447,177,4.0
226,Test1,04.11.2019 23:36,0.642975588,TRUE,0.232601447,176,4.0
227,Test1,04.11.2019 23:36,0.642975588,TRUE,0.227668547,175,4.0
228,Test1,04.11.2019 23:36,0.63884884,TRUE,0.227668547,174,4.0
229,Test1,04.11.2019 23:36,0.635751718,TRUE,0.218220514,173,4.0
230,Test1,04.11.2019 23:36,0.634471841,TRUE,0.224550109,172,4.0
231,Test1,04.11.2019 23:36,0.637051616,TRUE,0.227857707,171,4.0
232,Test1,04.11.2019 23:36,0.635805789,TRUE,0.227793625,170,4.0
233,Test1,04.11.2019 23:36,0.639871084,TRUE,0.227230376,169,4.0
234,Test1,04.11.2019 23:36,0.639871084,TRUE,0.228464268,168,4.0
235,Test1,04.11.2019 23:36,0.639871084,TRUE,0.227230376,167,4.0
236,Test1,04.11.2019 23:36,0.639871084,TRUE,0.228464268,166,4.0
237,Test1,04.11.2019 23:36,0.639871084,TRUE,0.227230376,165,4.0
238,Test1,04.11.2019 23:36,0.639871084,TRUE,0.228464268,164,4.0
239,Test1,04.11.2019 23:36,0.639871084,TRUE,0.227230376,163,4.0
240,Test1,04.11.2019 23:36,0.639871084,TRUE,0.228464268,162,4.0
241,Test1,04.11.2019 23:36,0.636277822,TRUE,0.228464268,161,4.0
242,Test1,04.11.2019 23:36,0.637714762,TRUE,0.233671761,160,4.0
243,Test1,04.11.2019 23:36,0.637714762,TRUE,0.223031437,159,4.0
244,Test1,04.11.2019 23:36,0.639198843,TRUE,0.223031437,158,4.0
245,Test1,04.11.2019 23:36,0.639198843,TRUE,0.21887839,157,4.0
246,Test1,04.11.2019 23:36,0.643164973,TRUE,0.21887839,156,4.0
247,Test1,04.11.2019 23:36,0.643164973,TRUE,0.209915884,155,4.0
248,Test1,04.11.2019 23:36,0.648167494,TRUE,0.209915884,154,4.0
249,Test1,04.11.2019 23:35,0.648404745,TRUE,0.202507021,153,4.0
250,Test1,04.11.2019 23:35,0.653757396,TRUE,0.214685937,152,4.0
251,Test1,04.11.2019 23:35,0.653757396,TRUE,0.210046906,151,4.0
252,Test1,04.11.2019 23:35,0.653713782,TRUE,0.210046906,150,4.0
253,Test1,04.11.2019 23:35,0.649657869,TRUE,0.202320265,149,4.0
254,Test1,04.11.2019 23:35,0.649657869,TRUE,0.209745746,148,4.0
255,Test1,04.11.2019 23:35,0.650389854,TRUE,0.209745746,147,4.0
256,Test1,04.11.2019 23:35,0.650389854,TRUE,0.208257766,146,4.0
257,Test1,04.11.2019 23:35,0.652517605,TRUE,0.208257766,145,4.0
258,Test1,04.11.2019 23:35,0.652517605,TRUE,0.200036243,144,4.0
259,Test1,04.11.2019 23:35,0.653942026,TRUE,0.200036243,143,4.0
260,Test1,04.11.2019 23:35,0.653942026,TRUE,0.198372023,142,4.0
261,Test1,04.11.2019 23:35,0.657014793,TRUE,0.198372023,141,4.0
262,Test1,04.11.2019 23:35,0.657014793,TRUE,0.203980368,140,4.0
263,Test1,04.11.2019 23:35,0.661395328,TRUE,0.203980368,139,4.0
264,Test1,04.11.2019 23:35,0.661395328,TRUE,0.209366867,138,4.0
265,Test1,04.11.2019 23:35,0.660802288,TRUE,0.209366867,137,4.0
266,Test1,04.11.2019 23:35,0.660802288,TRUE,0.221613081,136,4.0
267,Test1,04.11.2019 23:35,0.660399324,TRUE,0.221613081,135,4.0
268,Test1,04.11.2019 23:35,0.660399324,TRUE,0.226254738,134,4.0
269,Test1,04.11.2019 23:35,0.658361966,TRUE,0.226254738,133,4.0
270,Test1,04.11.2019 23:35,0.654286847,TRUE,0.230869116,132,4.0
271,Test1,04.11.2019 23:35,0.654286847,TRUE,0.235966611,131,4.0
272,Test1,04.11.2019 23:35,0.659350754,TRUE,0.235966611,130,4.0
273,Test1,04.11.2019 23:35,0.659350754,TRUE,0.236251195,129,4.0
274,Test1,04.11.2019 23:35,0.655766101,TRUE,0.236251195,128,4.0
275,Test1,04.11.2019 23:35,0.659615478,TRUE,0.2341113,127,4.0
276,Test1,04.11.2019 23:35,0.659615478,TRUE,0.239137069,126,4.0
277,Test1,04.11.2019 23:35,0.66019306,TRUE,0.239137069,125,4.0
278,Test1,04.11.2019 23:35,0.66019306,TRUE,0.23288706,124,4.0
279,Test1,04.11.2019 23:35,0.658830571,TRUE,0.23288706,123,4.0
280,Test1,04.11.2019 23:35,0.658830571,TRUE,0.223971821,122,4.0
281,Test1,04.11.2019 23:35,0.660815335,TRUE,0.223971821,121,4.0
282,Test1,04.11.2019 23:35,0.660815335,TRUE,0.226879544,120,3.0
283,Test1,04.11.2019 23:35,0.66081774,TRUE,0.226879544,119,3.0
284,Test1,04.11.2019 23:35,0.66081774,TRUE,0.223190012,118,3.0
285,Test1,04.11.2019 23:35,0.662310734,TRUE,0.223190012,117,3.0
286,Test1,04.11.2019 23:35,0.662310734,TRUE,0.234605064,116,3.0
287,Test1,04.11.2019 23:35,0.662852873,TRUE,0.234605064,115,3.0
288,Test1,04.11.2019 23:35,0.663838386,TRUE,0.22461289,114,3.0
289,Test1,04.11.2019 23:35,0.663838386,TRUE,0.221609427,113,3.0
290,Test1,04.11.2019 23:35,0.665197619,TRUE,0.221609427,112,3.0
291,Test1,04.11.2019 23:35,0.665197619,TRUE,0.22026255,111,3.0
292,Test1,04.11.2019 23:35,0.670789324,TRUE,0.22026255,110,3.0
293,Test1,04.11.2019 23:35,0.670789324,TRUE,0.213403983,109,3.0
294,Test1,04.11.2019 23:35,0.668200717,TRUE,0.213403983,108,3.0
295,Test1,04.11.2019 23:35,0.667705218,TRUE,0.204259082,107,3.0
296,Test1,04.11.2019 23:35,0.672073408,TRUE,0.20444547,106,3.0
297,Test1,04.11.2019 23:35,0.668664969,TRUE,0.217428263,105,3.0
298,Test1,04.11.2019 23:35,0.667664441,TRUE,0.207929745,104,3.0
299,Test1,04.11.2019 23:35,0.667664441,TRUE,0.220251972,103,3.0
300,Test1,04.11.2019 23:34,0.668891536,TRUE,0.220251972,102,3.0
301,Test1,04.11.2019 23:34,0.668891536,TRUE,0.207581198,101,3.0
302,Test1,04.11.2019 23:34,0.666515231,TRUE,0.207581198,100,3.0
303,Test1,04.11.2019 23:34,0.66906873,TRUE,0.216211578,99,3.0
304,Test1,04.11.2019 23:34,0.66906873,TRUE,0.226037939,98,3.0
305,Test1,04.11.2019 23:34,0.666124701,TRUE,0.226037939,97,3.0
306,Test1,04.11.2019 23:34,0.666124701,TRUE,0.214557724,96,3.0
307,Test1,04.11.2019 23:34,0.666664536,TRUE,0.214557724,95,3.0
308,Test1,04.11.2019 23:34,0.666664536,TRUE,0.21085901,94,3.0
309,Test1,04.11.2019 23:34,0.661177162,TRUE,0.21085901,93,3.0
310,Test1,04.11.2019 23:34,0.662997649,TRUE,0.212285372,92,3.0
311,Test1,04.11.2019 23:34,0.662997649,TRUE,0.213596393,91,3.0
312,Test1,04.11.2019 23:34,0.662997649,TRUE,0.212285372,90,3.0
313,Test1,04.11.2019 23:34,0.662997649,TRUE,0.213596393,89,3.0
314,Test1,04.11.2019 23:34,0.662997649,TRUE,0.212285372,88,3.0
315,Test1,04.11.2019 23:34,0.662997649,TRUE,0.213596393,87,3.0
316,Test1,04.11.2019 23:34,0.662997649,TRUE,0.212285372,86,3.0
317,Test1,04.11.2019 23:34,0.662997649,TRUE,0.213596393,85,3.0
318,Test1,04.11.2019 23:34,0.662685016,TRUE,0.213596393,84,3.0
319,Test1,04.11.2019 23:34,0.662685016,TRUE,0.204473272,83,3.0
320,Test1,04.11.2019 23:34,0.659530017,TRUE,0.204473272,82,3.0
321,Test1,04.11.2019 23:34,0.663826103,TRUE,0.212036524,81,3.0
322,Test1,04.11.2019 23:34,0.66507898,TRUE,0.212461969,80,3.0
323,Test1,04.11.2019 23:34,0.666427251,TRUE,0.201581301,79,3.0
324,Test1,04.11.2019 23:34,0.670993322,TRUE,0.211013095,78,3.0
325,Test1,04.11.2019 23:34,0.670993322,TRUE,0.207232977,77,3.0
326,Test1,04.11.2019 23:34,0.675017514,TRUE,0.207232977,76,3.0
327,Test1,04.11.2019 23:34,0.675017514,TRUE,0.212785404,75,3.0
328,Test1,04.11.2019 23:34,0.674646752,TRUE,0.212785404,74,3.0
329,Test1,04.11.2019 23:34,0.676567606,TRUE,0.218445542,73,3.0
330,Test1,04.11.2019 23:34,0.676567606,TRUE,0.227273055,72,3.0
331,Test1,04.11.2019 23:34,0.676000466,TRUE,0.227273055,71,3.0
332,Test1,04.11.2019 23:34,0.676000466,TRUE,0.233122034,70,3.0
333,Test1,04.11.2019 23:34,0.676000466,TRUE,0.227273055,69,3.0
334,Test1,04.11.2019 23:34,0.676000466,TRUE,0.233122034,68,3.0
335,Test1,04.11.2019 23:34,0.676000466,TRUE,0.227273055,67,3.0
336,Test1,04.11.2019 23:34,0.676000466,TRUE,0.233122034,66,3.0
337,Test1,04.11.2019 23:34,0.678533208,TRUE,0.233122034,65,3.0
338,Test1,04.11.2019 23:34,0.674293654,TRUE,0.221277908,64,3.0
339,Test1,04.11.2019 23:34,0.674792476,TRUE,0.232290934,63,3.0
340,Test1,04.11.2019 23:34,0.674792476,TRUE,0.237970953,62,3.0
341,Test1,04.11.2019 23:34,0.678009912,TRUE,0.237970953,61,3.0
342,Test1,04.11.2019 23:34,0.678009912,TRUE,0.234694238,60,3.0
343,Test1,04.11.2019 23:34,0.673013818,TRUE,0.234694238,59,3.0
344,Test1,04.11.2019 23:34,0.673013818,TRUE,0.231421894,58,3.0
345,Test1,04.11.2019 23:34,0.673013818,TRUE,0.234694238,57,3.0
346,Test1,04.11.2019 23:34,0.673013818,TRUE,0.231421894,56,3.0
347,Test1,04.11.2019 23:34,0.673842538,TRUE,0.231421894,55,3.0
348,Test1,04.11.2019 23:34,0.677231163,TRUE,0.218556736,54,3.0
349,Test1,04.11.2019 23:34,0.677231163,TRUE,0.228007693,53,3.0
350,Test1,04.11.2019 23:34,0.681427702,TRUE,0.228007693,52,3.0
351,Test1,04.11.2019 23:34,0.681427702,TRUE,0.21493092,51,3.0
352,Test1,04.11.2019 23:34,0.686373201,TRUE,0.21493092,50,3.0
353,Test1,04.11.2019 23:34,0.683926939,TRUE,0.206517558,49,3.0
354,Test1,04.11.2019 23:34,0.683926939,TRUE,0.212154406,48,3.0
355,Test1,04.11.2019 23:34,0.684488252,TRUE,0.212154406,47,3.0
356,Test1,04.11.2019 23:34,0.685317739,TRUE,0.21544005,46,3.0
357,Test1,04.11.2019 23:34,0.685317739,TRUE,0.226248972,45,3.0
358,Test1,04.11.2019 23:34,0.687292208,TRUE,0.226248972,44,3.0
359,Test1,04.11.2019 23:33,0.689521662,TRUE,0.22508147,43,3.0
360,Test1,04.11.2019 23:33,0.684669722,TRUE,0.23348651,42,3.0
361,Test1,04.11.2019 23:33,0.684669722,TRUE,0.222332838,41,3.0
362,Test1,04.11.2019 23:33,0.681426906,TRUE,0.222332838,40,3.0
363,Test1,04.11.2019 23:33,0.684110747,TRUE,0.211820237,39,3.0
364,Test1,04.11.2019 23:33,0.683776057,TRUE,0.219676422,38,3.0
365,Test1,04.11.2019 23:33,0.683776057,TRUE,0.222984606,37,3.0
366,Test1,04.11.2019 23:33,0.678263757,TRUE,0.222984606,36,3.0
367,Test1,04.11.2019 23:33,0.675294038,TRUE,0.223169813,35,3.0
368,Test1,04.11.2019 23:33,0.675294038,TRUE,0.212128308,34,3.0
369,Test1,04.11.2019 23:33,0.677348895,TRUE,0.212128308,33,3.0
370,Test1,04.11.2019 23:33,0.677348895,TRUE,0.218940661,32,3.0
371,Test1,04.11.2019 23:33,0.675931525,TRUE,0.218940661,31,3.0
372,Test1,04.11.2019 23:33,0.675931525,TRUE,0.231931,30,2.0
373,Test1,04.11.2019 23:33,0.677938148,TRUE,0.231931,29,2.0
374,Test1,04.11.2019 23:33,0.676524732,TRUE,0.23773976,28,2.0
375,Test1,04.11.2019 23:33,0.672229019,TRUE,0.250196443,27,2.0
376,Test1,04.11.2019 23:33,0.669145396,TRUE,0.258266463,26,2.0
377,Test1,04.11.2019 23:33,0.671916386,TRUE,0.24995272,25,2.0
378,Test1,04.11.2019 23:33,0.671916386,TRUE,0.250063115,24,2.0
379,Test1,04.11.2019 23:33,0.666533371,TRUE,0.250063115,23,2.0
380,Test1,04.11.2019 23:33,0.666533371,TRUE,0.253997419,22,2.0
381,Test1,04.11.2019 23:33,0.668155982,TRUE,0.253997419,21,2.0
382,Test1,04.11.2019 23:33,0.668155982,TRUE,0.258379674,20,2.0
383,Test1,04.11.2019 23:33,0.668775053,TRUE,0.258379674,19,2.0
384,Test1,04.11.2019 23:33,0.668775053,TRUE,0.266047,18,2.0
385,Test1,04.11.2019 23:33,0.671769975,TRUE,0.266047,17,2.0
386,Test1,04.11.2019 23:33,0.671769975,TRUE,0.275319748,16,2.0
387,Test1,04.11.2019 23:33,0.675530279,TRUE,0.275319748,15,1.0
388,Test1,04.11.2019 23:33,0.675530279,TRUE,0.266726978,14,1.0
389,Test1,04.11.2019 23:33,0.671769242,TRUE,0.266726978,13,1.0
390,Test1,04.11.2019 23:33,0.666586297,TRUE,0.256362928,12,1.0
391,Test1,04.11.2019 23:33,0.666586297,TRUE,0.24981922,11,1.0
392,Test1,04.11.2019 23:33,0.667056887,TRUE,0.24981922,10,1.0
393,Test1,04.11.2019 23:33,0.66826996,TRUE,0.250333085,9,1.0
394,Test1,04.11.2019 23:33,0.66826996,TRUE,0.24247286,8,1.0
395,Test1,04.11.2019 23:33,0.665381922,TRUE,0.24247286,7,1.0
396,Test1,04.11.2019 23:33,0.665381922,TRUE,0.2300917,6,1.0
397,Test1,04.11.2019 23:33,0.67055726,TRUE,0.2300917,5,1.0
398,Test1,04.11.2019 23:33,0.672268208,TRUE,0.223353839,4,1.0
399,Test1,04.11.2019 23:33,0.67719069,TRUE,0.218387174,3,1.0
400,Test1,04.11.2019 23:33,0.677732159,TRUE,0.216790685,2,1.0
401,Test1,04.11.2019 23:33,0.674805192,TRUE,0.210226863,1,1.0
402,Test1,04.11.2019 23:33,0,TRUE,0.210226863,0,0.0
403,Test1,04.11.2019 23:14,0,FALSE,0,0,0.0
404,Test1,04.11.2019 23:14,0,FALSE,0.221991927,0,0.0
405,Test1,04.11.2019 23:14,0,FALSE,0,0,0.0
406,Test1,04.11.2019 23:14,0,FALSE,0.221991927,0,0.0
407,Test1,04.11.2019 23:14,0.115135734,FALSE,0.221991927,56,3.0
408,Test1,04.11.2019 23:14,0.115135734,TRUE,0.221991927,55,3.0
409,Test1,04.11.2019 23:14,0.119414085,TRUE,0.229197994,54,3.0
410,Test1,04.11.2019 23:14,0.119414085,TRUE,0.239256201,53,3.0
411,Test1,04.11.2019 23:14,0.120290515,TRUE,0.239256201,52,3.0
412,Test1,04.11.2019 23:14,0.116580007,TRUE,0.239568326,51,3.0
413,Test1,04.11.2019 23:14,0.116580007,TRUE,0.239445172,50,3.0
414,Test1,04.11.2019 23:14,0.116394567,TRUE,0.239445172,49,3.0
415,Test1,04.11.2019 23:14,0.113272222,TRUE,0.242017447,48,3.0
416,Test1,04.11.2019 23:14,0.112004338,TRUE,0.23302291,47,3.0
417,Test1,04.11.2019 23:14,0.112004338,TRUE,0.224411981,46,3.0
418,Test1,04.11.2019 23:14,0.107838473,TRUE,0.224411981,45,3.0
419,Test1,04.11.2019 23:14,0.107838473,TRUE,0.23323018,44,3.0
420,Test1,04.11.2019 23:14,0.105148221,TRUE,0.23323018,43,3.0
421,Test1,04.11.2019 23:14,0.105148221,TRUE,0.224239525,42,3.0
422,Test1,04.11.2019 23:14,0.103903384,TRUE,0.224239525,41,3.0
423,Test1,04.11.2019 23:14,0.103903384,TRUE,0.220545711,40,3.0
424,Test1,04.11.2019 23:14,0.106635325,TRUE,0.220545711,39,3.0
425,Test1,04.11.2019 23:14,0.106635325,TRUE,0.214120242,38,3.0
426,Test1,04.11.2019 23:14,0.106710478,TRUE,0.214120242,37,3.0
427,Test1,04.11.2019 23:14,0.105049284,TRUE,0.209533786,36,3.0
428,Test1,04.11.2019 23:14,0.105049284,TRUE,0.215215085,35,3.0
429,Test1,04.11.2019 23:14,0.100038492,TRUE,0.215215085,34,3.0
430,Test1,04.11.2019 23:14,0.100038492,TRUE,0.208060202,33,3.0
431,Test1,04.11.2019 23:14,0.095597402,TRUE,0.208060202,32,3.0
432,Test1,04.11.2019 23:14,0.680392141,TRUE,0.208060202,31,3.0
433,Test1,04.11.2019 23:14,0.680392141,TRUE,0.207749074,30,2.0
434,Test1,04.11.2019 23:14,0.679534183,TRUE,0.207749074,29,2.0
435,Test1,04.11.2019 23:14,0.679534183,TRUE,0.2116051,28,2.0
436,Test1,04.11.2019 23:14,0.68202655,TRUE,0.2116051,27,2.0
437,Test1,04.11.2019 23:14,0.683319352,TRUE,0.22054064,26,2.0
438,Test1,04.11.2019 23:14,0.683319352,TRUE,0.208127321,25,2.0
439,Test1,04.11.2019 23:14,0.687839085,TRUE,0.208127321,24,2.0
440,Test1,04.11.2019 23:14,0.687839085,TRUE,0.201290051,23,2.0
441,Test1,04.11.2019 23:14,0.686616917,TRUE,0.201290051,22,2.0
442,Test1,04.11.2019 23:14,0.686616917,TRUE,0.200382229,21,2.0
443,Test1,04.11.2019 23:14,0.688859627,TRUE,0.200382229,20,2.0
444,Test1,04.11.2019 23:14,0.688859627,TRUE,0.209619947,19,2.0
445,Test1,04.11.2019 23:14,0.685247779,TRUE,0.209619947,18,2.0
446,Test1,04.11.2019 23:14,0.685247779,TRUE,0.209269515,17,2.0
447,Test1,04.11.2019 23:14,0.685164647,TRUE,0.209269515,16,2.0
448,Test1,04.11.2019 23:14,0.684867498,TRUE,0.210193028,15,1.0
449,Test1,04.11.2019 23:14,0.684867498,TRUE,0.21269487,14,1.0
450,Test1,04.11.2019 23:14,0.681782102,TRUE,0.21269487,13,1.0
451,Test1,04.11.2019 23:14,0.681782102,TRUE,0.211255856,12,1.0
452,Test1,04.11.2019 23:14,0.680397464,TRUE,0.211255856,11,1.0
453,Test1,04.11.2019 23:14,0.680397464,TRUE,0.205191859,10,1.0
454,Test1,04.11.2019 23:13,0.675438206,TRUE,0.205191859,9,1.0
455,Test1,04.11.2019 23:13,0.675438206,TRUE,0.198691891,8,1.0
456,Test1,04.11.2019 23:13,0.676633143,TRUE,0.198691891,7,1.0
457,Test1,04.11.2019 23:13,0.676633143,TRUE,0.21135885,6,1.0
458,Test1,04.11.2019 23:13,0.673962518,TRUE,0.21135885,5,1.0
459,Test1,04.11.2019 23:13,0.673962518,TRUE,0.201919321,4,1.0
460,Test1,04.11.2019 23:13,0.673301861,TRUE,0.201919321,3,1.0
461,Test1,04.11.2019 23:13,0.673301861,TRUE,0.202645244,2,1.0
462,Test1,04.11.2019 23:13,0.669747316,TRUE,0.202645244,1,1.0
463,Test1,04.11.2019 23:13,0.674805192,TRUE,0.210226863,0,0.0
464,Test1,04.11.2019 23:13,0,FALSE,0,0,0.0
465,Test1,04.11.2019 23:13,0.314909089,FALSE,0.697850647,69,3.0
466,Test1,04.11.2019 23:13,0.314909089,TRUE,0.697850647,68,3.0
467,Test1,04.11.2019 23:13,0.404884649,TRUE,0.697850647,67,3.0
468,Test1,04.11.2019 23:13,0.404884649,TRUE,0.698352788,66,3.0
469,Test1,04.11.2019 23:13,0.408461794,TRUE,0.698352788,65,3.0
470,Test1,04.11.2019 23:13,0.408461794,TRUE,0.691518046,64,3.0
471,Test1,04.11.2019 23:13,0.41016785,TRUE,0.691518046,63,3.0
472,Test1,04.11.2019 23:13,0.411297663,TRUE,0.688707083,62,3.0
473,Test1,04.11.2019 23:13,0.411297663,TRUE,0.687040402,61,3.0
474,Test1,04.11.2019 23:13,0.41370207,TRUE,0.687040402,60,3.0
475,Test1,04.11.2019 23:13,0.408401517,TRUE,0.684950701,59,3.0
476,Test1,04.11.2019 23:13,0.408401517,TRUE,0.687830241,58,3.0
477,Test1,04.11.2019 23:13,0.40780479,TRUE,0.687830241,57,3.0
478,Test1,04.11.2019 23:13,0.40780479,TRUE,0.692642587,56,3.0
479,Test1,04.11.2019 23:13,0.403208063,TRUE,0.692642587,55,3.0
480,Test1,04.11.2019 23:13,0.403208063,TRUE,0.697583453,54,3.0
481,Test1,04.11.2019 23:13,0.399259738,TRUE,0.697583453,53,3.0
482,Test1,04.11.2019 23:13,0.657006494,TRUE,0.697583453,52,3.0
483,Test1,04.11.2019 23:13,0.657006494,TRUE,0.705915763,51,3.0
484,Test1,04.11.2019 23:13,0.661090067,TRUE,0.705915763,50,3.0
485,Test1,04.11.2019 23:13,0.661090067,TRUE,0.694638312,49,3.0
486,Test1,04.11.2019 23:13,0.661852179,TRUE,0.694638312,48,3.0
487,Test1,04.11.2019 23:13,0.657725157,TRUE,0.683562441,47,3.0
488,Test1,04.11.2019 23:13,0.657725157,TRUE,0.680844478,46,3.0
489,Test1,04.11.2019 23:13,0.658960808,TRUE,0.680844478,45,3.0
490,Test1,04.11.2019 23:13,0.658960808,TRUE,0.680803289,44,3.0
491,Test1,04.11.2019 23:13,0.662360803,TRUE,0.680803289,43,3.0
492,Test1,04.11.2019 23:13,0.66591199,TRUE,0.68114223,42,3.0
493,Test1,04.11.2019 23:13,0.66591199,TRUE,0.671768723,41,3.0
494,Test1,04.11.2019 23:13,0.669285158,TRUE,0.671768723,40,3.0
495,Test1,04.11.2019 23:13,0.669780406,TRUE,0.662412252,39,3.0
496,Test1,04.11.2019 23:13,0.669780406,TRUE,0.656958947,38,3.0
497,Test1,04.11.2019 23:13,0.665616708,TRUE,0.656958947,37,3.0
498,Test1,04.11.2019 23:13,0.665616708,TRUE,0.596053269,36,3.0
499,Test1,04.11.2019 23:13,0.665616708,TRUE,0.59794094,35,3.0
500,Test1,04.11.2019 23:13,0.662490894,TRUE,0.59794094,34,3.0
501,Test1,04.11.2019 23:13,0.662490894,TRUE,0.59897969,33,3.0
502,Test1,04.11.2019 23:13,0.668005684,TRUE,0.59897969,32,3.0
503,Test1,04.11.2019 23:13,0.668005684,TRUE,0.591263052,31,3.0
504,Test1,04.11.2019 23:13,0.671182854,TRUE,0.591263052,30,2.0
505,Test1,04.11.2019 23:13,0.671182854,TRUE,0.480257208,29,2.0
506,Test1,04.11.2019 23:13,0.671182854,TRUE,0.477458577,28,2.0
507,Test1,04.11.2019 23:13,0.676774206,TRUE,0.477458577,27,2.0
508,Test1,04.11.2019 23:12,0.671410944,TRUE,0.473010442,26,2.0
509,Test1,04.11.2019 23:12,0.671410944,TRUE,0.207954395,25,2.0
510,Test1,04.11.2019 23:12,0.674340461,TRUE,0.212213427,24,2.0
511,Test1,04.11.2019 23:12,0.674340461,TRUE,0.22344617,23,2.0
512,Test1,04.11.2019 23:12,0.670869467,TRUE,0.22344617,22,2.0
513,Test1,04.11.2019 23:12,0.670869467,TRUE,0.220479629,21,2.0
514,Test1,04.11.2019 23:12,0.668209137,TRUE,0.220479629,20,2.0
515,Test1,04.11.2019 23:12,0.668209137,TRUE,0.225660892,19,2.0
516,Test1,04.11.2019 23:12,0.668209137,TRUE,0.220479629,18,2.0
517,Test1,04.11.2019 23:12,0.668209137,TRUE,0.225660892,17,2.0
518,Test1,04.11.2019 23:12,0.668209137,TRUE,0.220479629,16,2.0
519,Test1,04.11.2019 23:12,0.668684852,TRUE,0.220479629,15,1.0
520,Test1,04.11.2019 23:12,0.668684852,TRUE,0.2096632,14,1.0
521,Test1,04.11.2019 23:12,0.667267996,TRUE,0.2096632,13,1.0
522,Test1,04.11.2019 23:12,0.667267996,TRUE,0.204137413,12,1.0
523,Test1,04.11.2019 23:12,0.661652217,TRUE,0.204137413,11,1.0
524,Test1,04.11.2019 23:12,0.661652217,TRUE,0.200636766,10,1.0
525,Test1,04.11.2019 23:12,0.66711925,TRUE,0.200636766,9,1.0
526,Test1,04.11.2019 23:12,0.66711925,TRUE,0.196865226,8,1.0
527,Test1,04.11.2019 23:12,0.671745217,TRUE,0.196865226,7,1.0
528,Test1,04.11.2019 23:12,0.671745217,TRUE,0.18890552,6,1.0
529,Test1,04.11.2019 23:12,0.668685733,TRUE,0.18890552,5,1.0
530,Test1,04.11.2019 23:12,0.666729487,TRUE,0.201536934,4,1.0
531,Test1,04.11.2019 23:12,0.666729487,TRUE,0.205977079,3,1.0
532,Test1,04.11.2019 23:12,0.671299541,TRUE,0.205977079,2,1.0
533,Test1,04.11.2019 23:12,0.675949252,TRUE,0.216508216,1,1.0
534,Test1,04.11.2019 23:12,0.674805192,TRUE,0.210226863,0,0.0
535,Test1,04.11.2019 23:12,0.309285713,FALSE,0.275922758,0,0.0
536,Test1,04.11.2019 23:12,0.552551964,FALSE,0.276660082,138,4.0
537,Test1,04.11.2019 23:12,0.552551964,TRUE,0.276660082,137,4.0
538,Test1,04.11.2019 23:12,0.552551964,TRUE,0.285149975,136,4.0
539,Test1,04.11.2019 23:12,0.548021123,TRUE,0.285149975,135,4.0
540,Test1,04.11.2019 23:12,0.544800355,TRUE,0.284546928,134,4.0
541,Test1,04.11.2019 23:12,0.544800355,TRUE,0.274952204,133,4.0
542,Test1,04.11.2019 23:12,0.539286084,TRUE,0.274952204,132,4.0
543,Test1,04.11.2019 23:12,0.539286084,TRUE,0.276286379,131,4.0
544,Test1,04.11.2019 23:12,0.538086114,TRUE,0.276286379,130,4.0
545,Test1,04.11.2019 23:12,0.541751866,TRUE,0.27381751,129,4.0
546,Test1,04.11.2019 23:12,0.54054973,TRUE,0.264379959,128,4.0
547,Test1,04.11.2019 23:12,0.54054973,TRUE,0.262352762,127,4.0
548,Test1,04.11.2019 23:12,0.543927165,TRUE,0.262352762,126,4.0
549,Test1,04.11.2019 23:12,0.54741437,TRUE,0.255403986,125,4.0
550,Test1,04.11.2019 23:12,0.54482003,TRUE,0.264969689,124,4.0
551,Test1,04.11.2019 23:12,0.54482003,TRUE,0.274589098,123,4.0
552,Test1,04.11.2019 23:12,0.545387939,TRUE,0.274589098,122,4.0
553,Test1,04.11.2019 23:12,0.545387939,TRUE,0.27861118,121,4.0
554,Test1,04.11.2019 23:12,0.550536912,TRUE,0.27861118,120,3.0
555,Test1,04.11.2019 23:12,0.550892328,TRUE,0.287762586,119,3.0
556,Test1,04.11.2019 23:12,0.550892328,TRUE,0.288456662,118,3.0
557,Test1,04.11.2019 23:12,0.549316329,TRUE,0.288456662,117,3.0
558,Test1,04.11.2019 23:12,0.549316329,TRUE,0.295648358,116,3.0
559,Test1,04.11.2019 23:12,0.546962632,TRUE,0.295648358,115,3.0
560,Test1,04.11.2019 23:12,0.546962632,TRUE,0.302408609,114,3.0
561,Test1,04.11.2019 23:12,0.548731761,TRUE,0.302408609,113,3.0
562,Test1,04.11.2019 23:12,0.551264391,TRUE,0.297486724,112,3.0
563,Test1,04.11.2019 23:11,0.549457707,TRUE,0.289052948,111,3.0
564,Test1,04.11.2019 23:11,0.55215264,TRUE,0.276602397,110,3.0
565,Test1,04.11.2019 23:11,0.55215264,TRUE,0.266990477,109,3.0
566,Test1,04.11.2019 23:11,0.547292706,TRUE,0.266990477,108,3.0
567,Test1,04.11.2019 23:11,0.547292706,TRUE,0.267959913,107,3.0
568,Test1,04.11.2019 23:11,0.548850567,TRUE,0.267959913,106,3.0
569,Test1,04.11.2019 23:11,0.54503469,TRUE,0.267322047,105,3.0
570,Test1,04.11.2019 23:11,0.547444883,TRUE,0.254340486,104,3.0
571,Test1,04.11.2019 23:11,0.544091656,TRUE,0.256200251,103,3.0
572,Test1,04.11.2019 23:11,0.544598675,TRUE,0.250825922,102,3.0
573,Test1,04.11.2019 23:11,0.541436965,TRUE,0.25230322,101,3.0
574,Test1,04.11.2019 23:11,0.541436965,TRUE,0.254276277,100,3.0
575,Test1,04.11.2019 23:11,0.536692292,TRUE,0.254276277,99,3.0
576,Test1,04.11.2019 23:11,0.537053928,TRUE,0.258902455,98,3.0
577,Test1,04.11.2019 23:11,0.537053928,TRUE,0.253376663,97,3.0
578,Test1,04.11.2019 23:11,0.5336977,TRUE,0.253376663,96,3.0
579,Test1,04.11.2019 23:11,0.5336977,TRUE,0.259997931,95,3.0
580,Test1,04.11.2019 23:11,0.536803741,TRUE,0.259997931,94,3.0
581,Test1,04.11.2019 23:11,0.536803741,TRUE,0.257317862,93,3.0
582,Test1,04.11.2019 23:11,0.532718233,TRUE,0.257317862,92,3.0
583,Test1,04.11.2019 23:11,0.532718233,TRUE,0.266082755,91,3.0
584,Test1,04.11.2019 23:11,0.528951709,TRUE,0.266082755,90,3.0
585,Test1,04.11.2019 23:11,0.523793793,TRUE,0.261461108,89,3.0
586,Test1,04.11.2019 23:11,0.523793793,TRUE,0.262785149,88,3.0
587,Test1,04.11.2019 23:11,0.521699623,TRUE,0.262785149,87,3.0
588,Test1,04.11.2019 23:11,0.519498736,TRUE,0.266419378,86,3.0
589,Test1,04.11.2019 23:11,0.520950218,TRUE,0.254045087,85,3.0
590,Test1,04.11.2019 23:11,0.523661674,TRUE,0.259091735,84,3.0
591,Test1,04.11.2019 23:11,0.523661674,TRUE,0.24993899,83,3.0
592,Test1,04.11.2019 23:11,0.527499565,TRUE,0.24993899,82,3.0
593,Test1,04.11.2019 23:11,0.523295307,TRUE,0.258195914,81,3.0
594,Test1,04.11.2019 23:11,0.523295307,TRUE,0.265027728,80,3.0
595,Test1,04.11.2019 23:11,0.520574973,TRUE,0.265027728,79,3.0
596,Test1,04.11.2019 23:11,0.520574973,TRUE,0.275922758,78,3.0
597,Test1,04.11.2019 23:11,0.520998177,TRUE,0.275922758,77,3.0
598,Test1,04.11.2019 23:11,0.525880045,TRUE,0.278254024,76,3.0
599,Test1,04.11.2019 23:11,0.525880045,TRUE,0.285370431,75,3.0
600,Test1,04.11.2019 23:11,0.523676862,TRUE,0.285370431,74,3.0
601,Test1,04.11.2019 23:11,0.520998177,TRUE,0.293728028,73,3.0
602,Test1,04.11.2019 23:11,0.520998177,TRUE,0.303621348,72,3.0
603,Test1,04.11.2019 23:11,0.518494637,TRUE,0.303621348,71,3.0
604,Test1,04.11.2019 23:11,0.518494637,TRUE,0.299971241,70,3.0
605,Test1,04.11.2019 23:11,0.521415474,TRUE,0.299971241,69,3.0
606,Test1,04.11.2019 23:11,0.521415474,TRUE,0.302798996,68,3.0
607,Test1,04.11.2019 23:11,0.526986846,TRUE,0.302798996,67,3.0
608,Test1,04.11.2019 23:11,0.523603399,TRUE,0.296459611,66,3.0
609,Test1,04.11.2019 23:10,0.524105751,TRUE,0.288563598,65,3.0
610,Test1,04.11.2019 23:10,0.521248677,TRUE,0.291267577,64,3.0
611,Test1,04.11.2019 23:10,0.523513333,TRUE,0.286922959,63,3.0
612,Test1,04.11.2019 23:10,0.518132807,TRUE,0.287630419,62,3.0
613,Test1,04.11.2019 23:10,0.518132807,TRUE,0.276908201,61,3.0
614,Test1,04.11.2019 23:10,0.523111328,TRUE,0.276908201,60,3.0
615,Test1,04.11.2019 23:10,0.523566042,TRUE,0.269848168,59,3.0
616,Test1,04.11.2019 23:10,0.518757285,TRUE,0.277361284,58,3.0
617,Test1,04.11.2019 23:10,0.519007114,TRUE,0.270215769,57,3.0
618,Test1,04.11.2019 23:10,0.517499383,TRUE,0.272943318,56,3.0
619,Test1,04.11.2019 23:10,0.517499383,TRUE,0.281679691,55,3.0
620,Test1,04.11.2019 23:10,0.518870315,TRUE,0.281679691,54,3.0
621,Test1,04.11.2019 23:10,0.518870315,TRUE,0.289061937,53,3.0
622,Test1,04.11.2019 23:10,0.517350647,TRUE,0.289061937,52,3.0
623,Test1,04.11.2019 23:10,0.512899071,TRUE,0.249683879,51,3.0
624,Test1,04.11.2019 23:10,0.517350647,TRUE,0.246206463,50,3.0
625,Test1,04.11.2019 23:10,0.590160497,TRUE,0.239776548,49,3.0
626,Test1,04.11.2019 23:10,0.588184522,TRUE,0.246206463,48,3.0
627,Test1,04.11.2019 23:10,0.586868639,TRUE,0.240601797,47,3.0
628,Test1,04.11.2019 23:10,0.58307099,TRUE,0.239759895,46,3.0
629,Test1,04.11.2019 23:10,0.58307099,TRUE,0.237588634,45,3.0
630,Test1,04.11.2019 23:10,0.587004246,TRUE,0.237588634,44,3.0
631,Test1,04.11.2019 23:10,0.587004246,TRUE,0.240334024,43,3.0
632,Test1,04.11.2019 23:10,0.589310143,TRUE,0.240334024,42,3.0
633,Test1,04.11.2019 23:10,0.589310143,TRUE,0.24742885,41,3.0
634,Test1,04.11.2019 23:10,0.584085833,TRUE,0.24742885,40,3.0
635,Test1,04.11.2019 23:10,0.584085833,TRUE,0.247621948,39,3.0
636,Test1,04.11.2019 23:10,0.584831166,TRUE,0.247621948,38,3.0
637,Test1,04.11.2019 23:10,0.670959993,TRUE,0.283055515,37,3.0
638,Test1,04.11.2019 23:10,0.665972334,TRUE,0.275744454,36,3.0
639,Test1,04.11.2019 23:10,0.665972334,TRUE,0.272341999,35,3.0
640,Test1,04.11.2019 23:10,0.669528289,TRUE,0.272341999,34,3.0
641,Test1,04.11.2019 23:10,0.669528289,TRUE,0.259285237,33,3.0
642,Test1,04.11.2019 23:10,0.66446369,TRUE,0.259285237,32,3.0
643,Test1,04.11.2019 23:10,0.668333383,TRUE,0.247621948,31,3.0
644,Test1,04.11.2019 23:10,0.668333383,TRUE,0.240485371,30,2.0
645,Test1,04.11.2019 23:10,0.671312228,TRUE,0.240485371,29,2.0
646,Test1,04.11.2019 23:10,0.671312228,TRUE,0.24666683,28,2.0
647,Test1,04.11.2019 23:10,0.667705544,TRUE,0.24666683,27,2.0
648,Test1,04.11.2019 23:10,0.667705544,TRUE,0.234900496,26,2.0
649,Test1,04.11.2019 23:10,0.671153128,TRUE,0.234900496,25,2.0
650,Test1,04.11.2019 23:10,0.675884627,TRUE,0.24661519,24,2.0
651,Test1,04.11.2019 23:10,0.676970046,TRUE,0.237894263,23,2.0
652,Test1,04.11.2019 23:10,0.678579437,TRUE,0.227536057,22,2.0
653,Test1,04.11.2019 23:10,0.678579437,TRUE,0.22389098,21,2.0
654,Test1,04.11.2019 23:10,0.677083269,TRUE,0.22389098,20,2.0
655,Test1,04.11.2019 23:09,0.676898134,TRUE,0.230441317,19,2.0
656,Test1,04.11.2019 23:09,0.680043653,TRUE,0.233544231,18,2.0
657,Test1,04.11.2019 23:09,0.681182485,TRUE,0.240491243,17,2.0
658,Test1,04.11.2019 23:09,0.676784664,TRUE,0.245197832,16,2.0
659,Test1,04.11.2019 23:09,0.680454455,TRUE,0.255775855,15,1.0
660,Test1,04.11.2019 23:09,0.68073979,TRUE,0.243801186,14,1.0
661,Test1,04.11.2019 23:09,0.677124968,TRUE,0.246670705,13,1.0
662,Test1,04.11.2019 23:09,0.674660325,TRUE,0.236649893,12,1.0
663,Test1,04.11.2019 23:09,0.674283588,TRUE,0.233691302,11,1.0
664,Test1,04.11.2019 23:09,0.679036829,TRUE,0.221424011,10,1.0
665,Test1,04.11.2019 23:09,0.679464649,TRUE,0.214640197,9,1.0
666,Test1,04.11.2019 23:09,0.683081214,TRUE,0.212039341,8,1.0
667,Test1,04.11.2019 23:09,0.683081214,TRUE,0.212239131,7,1.0
668,Test1,04.11.2019 23:09,0.68214571,TRUE,0.212239131,6,1.0
669,Test1,04.11.2019 23:09,0.677712144,TRUE,0.220226828,5,1.0
670,Test1,04.11.2019 23:09,0.678032602,TRUE,0.210805058,4,1.0
671,Test1,04.11.2019 23:09,0.678032602,TRUE,0.211947856,3,1.0
672,Test1,04.11.2019 23:09,0.680041078,TRUE,0.211947856,2,1.0
673,Test1,04.11.2019 23:09,0.680041078,TRUE,0.210226863,1,1.0
674,Test1,04.11.2019 23:09,0.674805192,TRUE,0.210226863,0,0.0
675,Test1,04.11.2019 23:08,0,FALSE,0,0,0.0
676,Test1,04.11.2019 23:08,0.623694917,FALSE,0.309465735,376,4.0
677,Test1,04.11.2019 23:08,0.623694917,TRUE,0.309465735,375,4.0
678,Test1,04.11.2019 23:08,0.627624522,TRUE,0.303233899,374,4.0
679,Test1,04.11.2019 23:08,0.632487187,TRUE,0.298812151,373,4.0
680,Test1,04.11.2019 23:08,0.632487187,TRUE,0.2901551,372,4.0
681,Test1,04.11.2019 23:08,0.628783323,TRUE,0.2901551,371,4.0
682,Test1,04.11.2019 23:08,0.631695032,TRUE,0.302201116,370,4.0
683,Test1,04.11.2019 23:08,0.626186029,TRUE,0.241359414,369,4.0
684,Test1,04.11.2019 23:08,0.626186029,TRUE,0.232302105,368,4.0
685,Test1,04.11.2019 23:08,0.629382432,TRUE,0.232302105,367,4.0
686,Test1,04.11.2019 23:08,0.631695032,TRUE,0.228632564,366,4.0
687,Test1,04.11.2019 23:08,0.62633251,TRUE,0.241724448,365,4.0
688,Test1,04.11.2019 23:08,0.624281191,TRUE,0.240061802,364,4.0
689,Test1,04.11.2019 23:08,0.624281191,TRUE,0.241568427,363,4.0
690,Test1,04.11.2019 23:08,0.623395547,TRUE,0.241568427,362,4.0
691,Test1,04.11.2019 23:08,0.618226975,TRUE,0.242728833,361,4.0
692,Test1,04.11.2019 23:08,0.616369101,TRUE,0.24982997,360,4.0
693,Test1,04.11.2019 23:08,0.620964927,TRUE,0.260036156,359,4.0
694,Test1,04.11.2019 23:08,0.620964927,TRUE,0.268082713,358,4.0
695,Test1,04.11.2019 23:08,0.623685743,TRUE,0.268082713,357,4.0
696,Test1,04.11.2019 23:08,0.618799732,TRUE,0.25787828,356,4.0
697,Test1,04.11.2019 23:08,0.621941867,TRUE,0.250630926,355,4.0
698,Test1,04.11.2019 23:08,0.617601181,TRUE,0.254992129,354,4.0
699,Test1,04.11.2019 23:08,0.617601181,TRUE,0.255619304,353,4.0
700,Test1,04.11.2019 23:08,0.621575289,TRUE,0.255619304,352,4.0
701,Test1,04.11.2019 23:08,0.621575289,TRUE,0.265354761,351,4.0
702,Test1,04.11.2019 23:08,0.625600963,TRUE,0.265354761,350,4.0
703,Test1,04.11.2019 23:08,0.625600963,TRUE,0.265729626,349,4.0
704,Test1,04.11.2019 23:08,0.624287142,TRUE,0.265729626,348,4.0
705,Test1,04.11.2019 23:08,0.619558218,TRUE,0.275208686,347,4.0
706,Test1,04.11.2019 23:08,0.619558218,TRUE,0.268659902,346,4.0
707,Test1,04.11.2019 23:08,0.614467762,TRUE,0.268659902,345,4.0
708,Test1,04.11.2019 23:08,0.614467762,TRUE,0.272040732,344,4.0
709,Test1,04.11.2019 23:08,0.619398288,TRUE,0.272040732,343,4.0
710,Test1,04.11.2019 23:07,0.622565147,TRUE,0.279711634,342,4.0
711,Test1,04.11.2019 23:07,0.625579091,TRUE,0.270658767,341,4.0
712,Test1,04.11.2019 23:07,0.624165769,TRUE,0.268406151,340,4.0
713,Test1,04.11.2019 23:07,0.626895757,TRUE,0.267632212,339,4.0
714,Test1,04.11.2019 23:07,0.626895757,TRUE,0.268406151,338,4.0
715,Test1,04.11.2019 23:07,0.624165769,TRUE,0.268406151,337,4.0
716,Test1,04.11.2019 23:07,0.625861063,TRUE,0.278606911,336,4.0
717,Test1,04.11.2019 23:07,0.620400332,TRUE,0.265812155,335,4.0
718,Test1,04.11.2019 23:07,0.620400332,TRUE,0.2727316,334,4.0
719,Test1,04.11.2019 23:07,0.620834587,TRUE,0.2727316,333,4.0
720,Test1,04.11.2019 23:07,0.623187948,TRUE,0.26621747,332,4.0
721,Test1,04.11.2019 23:07,0.623187948,TRUE,0.27148765,331,4.0
722,Test1,04.11.2019 23:07,0.625020783,TRUE,0.27148765,330,4.0
723,Test1,04.11.2019 23:07,0.625020783,TRUE,0.26066446,329,4.0
724,Test1,04.11.2019 23:07,0.628314029,TRUE,0.26066446,328,4.0
725,Test1,04.11.2019 23:07,0.628314029,TRUE,0.25925497,327,4.0
726,Test1,04.11.2019 23:07,0.626416614,TRUE,0.25925497,326,4.0
727,Test1,04.11.2019 23:07,0.626923589,TRUE,0.269459441,325,4.0
728,Test1,04.11.2019 23:07,0.624905447,TRUE,0.272556283,324,4.0
729,Test1,04.11.2019 23:07,0.627079191,TRUE,0.268077922,323,4.0
730,Test1,04.11.2019 23:07,0.621651299,TRUE,0.275670619,322,4.0
731,Test1,04.11.2019 23:07,0.621651299,TRUE,0.265255352,321,4.0
732,Test1,04.11.2019 23:07,0.624558583,TRUE,0.265255352,320,4.0
733,Test1,04.11.2019 23:07,0.626436637,TRUE,0.275033463,319,4.0
734,Test1,04.11.2019 23:07,0.62525512,TRUE,0.277116128,318,4.0
735,Test1,04.11.2019 23:07,0.62525512,TRUE,0.27095662,317,4.0
736,Test1,04.11.2019 23:07,0.62876361,TRUE,0.27095662,316,4.0
737,Test1,04.11.2019 23:07,0.62876361,TRUE,0.270648744,315,4.0
738,Test1,04.11.2019 23:07,0.627909306,TRUE,0.270648744,314,4.0
739,Test1,04.11.2019 23:07,0.627909306,TRUE,0.273773369,313,4.0
740,Test1,04.11.2019 23:07,0.633009513,TRUE,0.273773369,312,4.0
741,Test1,04.11.2019 23:07,0.630179457,TRUE,0.261279145,311,4.0
742,Test1,04.11.2019 23:07,0.630179457,TRUE,0.262961947,310,4.0
743,Test1,04.11.2019 23:07,0.632159766,TRUE,0.262961947,309,4.0
744,Test1,04.11.2019 23:07,0.632159766,TRUE,0.263285414,308,4.0
745,Test1,04.11.2019 23:07,0.626605273,TRUE,0.263285414,307,4.0
746,Test1,04.11.2019 23:07,0.626605273,TRUE,0.250242681,306,4.0
747,Test1,04.11.2019 23:07,0.623168699,TRUE,0.250242681,305,4.0
748,Test1,04.11.2019 23:07,0.622468175,TRUE,0.253848148,304,4.0
749,Test1,04.11.2019 23:07,0.622468175,TRUE,0.258843559,303,4.0
750,Test1,04.11.2019 23:07,0.619069898,TRUE,0.258843559,302,4.0
751,Test1,04.11.2019 23:07,0.619069898,TRUE,0.271958086,301,4.0
752,Test1,04.11.2019 23:07,0.621490246,TRUE,0.271958086,300,4.0
753,Test1,04.11.2019 23:07,0.621490246,TRUE,0.282792345,299,4.0
754,Test1,04.11.2019 23:07,0.622373651,TRUE,0.282792345,298,4.0
755,Test1,04.11.2019 23:07,0.626110671,TRUE,0.285958066,297,4.0
756,Test1,04.11.2019 23:06,0.627151035,TRUE,0.280809397,296,4.0
757,Test1,04.11.2019 23:06,0.624667953,TRUE,0.293211543,295,4.0
758,Test1,04.11.2019 23:06,0.622545988,TRUE,0.285052971,294,4.0
759,Test1,04.11.2019 23:06,0.622545988,TRUE,0.278174234,293,4.0
760,Test1,04.11.2019 23:06,0.626963891,TRUE,0.278174234,292,4.0
761,Test1,04.11.2019 23:06,0.623711636,TRUE,0.274956743,291,4.0
762,Test1,04.11.2019 23:06,0.626246896,TRUE,0.286702935,290,4.0
763,Test1,04.11.2019 23:06,0.626246896,TRUE,0.291032442,289,4.0
764,Test1,04.11.2019 23:06,0.628018929,TRUE,0.291032442,288,4.0
765,Test1,04.11.2019 23:06,0.628018929,TRUE,0.29357829,287,4.0
766,Test1,04.11.2019 23:06,0.62847795,TRUE,0.29357829,286,4.0
767,Test1,04.11.2019 23:06,0.62847795,TRUE,0.284170158,285,4.0
768,Test1,04.11.2019 23:06,0.629443131,TRUE,0.284170158,284,4.0
769,Test1,04.11.2019 23:06,0.632466007,TRUE,0.274599049,283,4.0
770,Test1,04.11.2019 23:06,0.637852723,TRUE,0.286481845,282,4.0
771,Test1,04.11.2019 23:06,0.637852723,TRUE,0.298192768,281,4.0
772,Test1,04.11.2019 23:06,0.632472692,TRUE,0.298192768,280,4.0
773,Test1,04.11.2019 23:06,0.627559829,TRUE,0.308230985,279,4.0
774,Test1,04.11.2019 23:06,0.629707741,TRUE,0.309196423,278,4.0
775,Test1,04.11.2019 23:06,0.629058097,TRUE,0.318509857,277,4.0
776,Test1,04.11.2019 23:06,0.629058097,TRUE,0.307664101,276,4.0
777,Test1,04.11.2019 23:06,0.629193178,TRUE,0.307664101,275,4.0
778,Test1,04.11.2019 23:06,0.63272127,TRUE,0.310597001,274,4.0
779,Test1,04.11.2019 23:06,0.63272127,TRUE,0.300329072,273,4.0
780,Test1,04.11.2019 23:06,0.629987941,TRUE,0.300329072,272,4.0
781,Test1,04.11.2019 23:06,0.629987941,TRUE,0.311830162,271,4.0
782,Test1,04.11.2019 23:06,0.624687459,TRUE,0.311830162,270,4.0
783,Test1,04.11.2019 23:06,0.621743214,TRUE,0.310401151,269,4.0
784,Test1,04.11.2019 23:06,0.623528395,TRUE,0.313094427,268,4.0
785,Test1,04.11.2019 23:06,0.624450303,TRUE,0.30661557,267,4.0
786,Test1,04.11.2019 23:06,0.627855983,TRUE,0.305006017,266,4.0
787,Test1,04.11.2019 23:06,0.626393928,TRUE,0.317128348,265,4.0
788,Test1,04.11.2019 23:06,0.623178371,TRUE,0.326395844,264,4.0
789,Test1,04.11.2019 23:06,0.618670709,TRUE,0.316128572,263,4.0
790,Test1,04.11.2019 23:06,0.618670709,TRUE,0.309175985,262,4.0
791,Test1,04.11.2019 23:06,0.622015271,TRUE,0.309175985,261,4.0
792,Test1,04.11.2019 23:06,0.618868495,TRUE,0.308980366,260,4.0
793,Test1,04.11.2019 23:06,0.624257206,TRUE,0.321070403,259,4.0
794,Test1,04.11.2019 23:06,0.629241412,TRUE,0.326038775,258,4.0
795,Test1,04.11.2019 23:06,0.629241412,TRUE,0.336094235,257,4.0
796,Test1,04.11.2019 23:05,0.628230632,TRUE,0.336094235,256,4.0
797,Test1,04.11.2019 23:05,0.628230632,TRUE,0.336483978,255,4.0
798,Test1,04.11.2019 23:05,0.632431188,TRUE,0.336483978,254,4.0
799,Test1,04.11.2019 23:05,0.632431188,TRUE,0.346564353,253,4.0
800,Test1,04.11.2019 23:05,0.632854613,TRUE,0.346564353,252,4.0
801,Test1,04.11.2019 23:05,0.634573823,TRUE,0.333665909,251,4.0
802,Test1,04.11.2019 23:05,0.634573823,TRUE,0.329983034,250,4.0
803,Test1,04.11.2019 23:05,0.637445783,TRUE,0.329983034,249,4.0
804,Test1,04.11.2019 23:05,0.633839376,TRUE,0.327763919,248,4.0
805,Test1,04.11.2019 23:05,0.634050486,TRUE,0.329277856,247,4.0
806,Test1,04.11.2019 23:05,0.636389803,TRUE,0.33121616,246,4.0
807,Test1,04.11.2019 23:05,0.641244905,TRUE,0.318761774,245,4.0
808,Test1,04.11.2019 23:05,0.644461499,TRUE,0.327777566,244,4.0
809,Test1,04.11.2019 23:05,0.649273787,TRUE,0.324885946,243,4.0
810,Test1,04.11.2019 23:05,0.649273787,TRUE,0.334876954,242,4.0
811,Test1,04.11.2019 23:05,0.647136543,TRUE,0.334876954,241,4.0
812,Test1,04.11.2019 23:05,0.644163249,TRUE,0.326095164,240,4.0
813,Test1,04.11.2019 23:05,0.646490714,TRUE,0.316733218,239,4.0
814,Test1,04.11.2019 23:05,0.64530217,TRUE,0.305329978,238,4.0
815,Test1,04.11.2019 23:05,0.646848665,TRUE,0.297596169,237,4.0
816,Test1,04.11.2019 23:05,0.646848665,TRUE,0.303217054,236,4.0
817,Test1,04.11.2019 23:05,0.651613857,TRUE,0.303217054,235,4.0
818,Test1,04.11.2019 23:05,0.651613857,TRUE,0.315228315,234,4.0
819,Test1,04.11.2019 23:05,0.650814674,TRUE,0.315228315,233,4.0
820,Test1,04.11.2019 23:05,0.651519717,TRUE,0.305699591,232,4.0
821,Test1,04.11.2019 23:05,0.648881465,TRUE,0.311222338,231,4.0
822,Test1,04.11.2019 23:05,0.648881465,TRUE,0.315349998,230,4.0
823,Test1,04.11.2019 23:05,0.653876761,TRUE,0.315349998,229,4.0
824,Test1,04.11.2019 23:05,0.656162053,TRUE,0.321687867,228,4.0
825,Test1,04.11.2019 23:05,0.656286405,TRUE,0.316480384,227,4.0
826,Test1,04.11.2019 23:05,0.660608657,TRUE,0.312775465,226,4.0
827,Test1,04.11.2019 23:05,0.65907804,TRUE,0.325790879,225,4.0
828,Test1,04.11.2019 23:05,0.655564373,TRUE,0.313238308,224,4.0
829,Test1,04.11.2019 23:05,0.655564373,TRUE,0.322270404,223,4.0
830,Test1,04.11.2019 23:05,0.659428702,TRUE,0.322270404,222,4.0
831,Test1,04.11.2019 23:05,0.659428702,TRUE,0.325405277,221,4.0
832,Test1,04.11.2019 23:05,0.664115406,TRUE,0.325405277,220,4.0
833,Test1,04.11.2019 23:05,0.664115406,TRUE,0.323753876,219,4.0
834,Test1,04.11.2019 23:05,0.667710442,TRUE,0.323753876,218,4.0
835,Test1,04.11.2019 23:05,0.668257872,TRUE,0.318863996,217,4.0
836,Test1,04.11.2019 23:04,0.671745459,TRUE,0.311271353,216,4.0
837,Test1,04.11.2019 23:04,0.671745459,TRUE,0.307641707,215,4.0
838,Test1,04.11.2019 23:04,0.673787678,TRUE,0.307641707,214,4.0
839,Test1,04.11.2019 23:04,0.673787678,TRUE,0.311331163,213,4.0
840,Test1,04.11.2019 23:04,0.675260459,TRUE,0.311331163,212,4.0
841,Test1,04.11.2019 23:04,0.671669698,TRUE,0.307933731,211,4.0
842,Test1,04.11.2019 23:04,0.673254587,TRUE,0.302696594,210,4.0
843,Test1,04.11.2019 23:04,0.673254587,TRUE,0.292625375,209,4.0
844,Test1,04.11.2019 23:04,0.670149821,TRUE,0.292625375,208,4.0
845,Test1,04.11.2019 23:04,0.671843306,TRUE,0.282714195,207,4.0
846,Test1,04.11.2019 23:04,0.671843306,TRUE,0.295132046,206,4.0
847,Test1,04.11.2019 23:04,0.670549154,TRUE,0.295132046,205,4.0
848,Test1,04.11.2019 23:04,0.666412281,TRUE,0.304557932,204,4.0
849,Test1,04.11.2019 23:04,0.666412281,TRUE,0.304727185,203,4.0
850,Test1,04.11.2019 23:04,0.664646537,TRUE,0.304727185,202,4.0
851,Test1,04.11.2019 23:04,0.663473683,TRUE,0.316330306,201,4.0
852,Test1,04.11.2019 23:04,0.664558756,TRUE,0.306909933,200,4.0
853,Test1,04.11.2019 23:04,0.665594695,TRUE,0.301243054,199,4.0
854,Test1,04.11.2019 23:04,0.665594695,TRUE,0.296258376,198,4.0
855,Test1,04.11.2019 23:04,0.661229944,TRUE,0.296258376,197,4.0
856,Test1,04.11.2019 23:04,0.656888521,TRUE,0.29230654,196,4.0
857,Test1,04.11.2019 23:04,0.654760565,TRUE,0.288415567,195,4.0
858,Test1,04.11.2019 23:04,0.654760565,TRUE,0.295852465,194,4.0
859,Test1,04.11.2019 23:04,0.659821066,TRUE,0.295852465,193,4.0
860,Test1,04.11.2019 23:04,0.659821066,TRUE,0.28926988,192,4.0
861,Test1,04.11.2019 23:04,0.662876996,TRUE,0.28926988,191,4.0
862,Test1,04.11.2019 23:04,0.664599412,TRUE,0.280686733,190,4.0
863,Test1,04.11.2019 23:04,0.664599412,TRUE,0.282728006,189,4.0
864,Test1,04.11.2019 23:04,0.659653456,TRUE,0.282728006,188,4.0
865,Test1,04.11.2019 23:04,0.659653456,TRUE,0.279018607,187,4.0
866,Test1,04.11.2019 23:04,0.659935568,TRUE,0.279018607,186,4.0
867,Test1,04.11.2019 23:04,0.661235972,TRUE,0.280021307,185,4.0
868,Test1,04.11.2019 23:04,0.658491529,TRUE,0.283583876,184,4.0
869,Test1,04.11.2019 23:04,0.66277394,TRUE,0.281425454,183,4.0
870,Test1,04.11.2019 23:04,0.667932674,TRUE,0.273678984,182,4.0
871,Test1,04.11.2019 23:04,0.672255091,TRUE,0.283429924,181,4.0
872,Test1,04.11.2019 23:04,0.674141529,TRUE,0.279498195,180,4.0
873,Test1,04.11.2019 23:04,0.674141529,TRUE,0.280385383,179,4.0
874,Test1,04.11.2019 23:04,0.672387571,TRUE,0.280385383,178,4.0
875,Test1,04.11.2019 23:04,0.672461439,TRUE,0.283882956,177,4.0
876,Test1,04.11.2019 23:04,0.672461439,TRUE,0.276918806,176,4.0
877,Test1,04.11.2019 23:04,0.677919227,TRUE,0.276918806,175,4.0
878,Test1,04.11.2019 23:03,0.682600022,TRUE,0.287207224,174,4.0
879,Test1,04.11.2019 23:03,0.684343362,TRUE,0.283332556,173,4.0
880,Test1,04.11.2019 23:03,0.687645442,TRUE,0.289734081,172,4.0
881,Test1,04.11.2019 23:03,0.682698831,TRUE,0.295056882,171,4.0
882,Test1,04.11.2019 23:03,0.682698831,TRUE,0.297846069,170,4.0
883,Test1,04.11.2019 23:03,0.678779961,TRUE,0.297846069,169,4.0
884,Test1,04.11.2019 23:03,0.678779961,TRUE,0.305775727,168,4.0
885,Test1,04.11.2019 23:03,0.674189587,TRUE,0.305775727,167,4.0
886,Test1,04.11.2019 23:03,0.674189587,TRUE,0.31443182,166,4.0
887,Test1,04.11.2019 23:03,0.674363226,TRUE,0.31443182,165,4.0
888,Test1,04.11.2019 23:03,0.672238483,TRUE,0.309351687,164,4.0
889,Test1,04.11.2019 23:03,0.667770535,TRUE,0.309634966,163,4.0
890,Test1,04.11.2019 23:03,0.673286639,TRUE,0.310318803,162,4.0
891,Test1,04.11.2019 23:03,0.673286639,TRUE,0.297706329,161,4.0
892,Test1,04.11.2019 23:03,0.677082055,TRUE,0.297706329,160,4.0
893,Test1,04.11.2019 23:03,0.680271464,TRUE,0.287841314,159,4.0
894,Test1,04.11.2019 23:03,0.684185397,TRUE,0.295040265,158,4.0
895,Test1,04.11.2019 23:03,0.68627727,TRUE,0.284437581,157,4.0
896,Test1,04.11.2019 23:03,0.68627727,TRUE,0.285631674,156,4.0
897,Test1,04.11.2019 23:03,0.683566098,TRUE,0.285631674,155,4.0
898,Test1,04.11.2019 23:03,0.683566098,TRUE,0.296346365,154,4.0
899,Test1,04.11.2019 23:03,0.681202496,TRUE,0.296346365,153,4.0
900,Test1,04.11.2019 23:03,0.686147877,TRUE,0.283924416,152,4.0
901,Test1,04.11.2019 23:03,0.684329664,TRUE,0.287613281,151,4.0
902,Test1,04.11.2019 23:03,0.683575218,TRUE,0.297192754,150,4.0
903,Test1,04.11.2019 23:03,0.682447107,TRUE,0.307795621,149,4.0
904,Test1,04.11.2019 23:03,0.682013717,TRUE,0.300477451,148,4.0
905,Test1,04.11.2019 23:03,0.677505344,TRUE,0.299132751,147,4.0
906,Test1,04.11.2019 23:03,0.677505344,TRUE,0.296615112,146,4.0
907,Test1,04.11.2019 23:03,0.677430735,TRUE,0.296615112,145,4.0
908,Test1,04.11.2019 23:03,0.677430735,TRUE,0.300673626,144,4.0
909,Test1,04.11.2019 23:03,0.678283069,TRUE,0.300673626,143,4.0
910,Test1,04.11.2019 23:03,0.676783492,TRUE,0.29748187,142,4.0
911,Test1,04.11.2019 23:03,0.675131679,TRUE,0.291972318,141,4.0
912,Test1,04.11.2019 23:03,0.675131679,TRUE,0.302550044,140,4.0
913,Test1,04.11.2019 23:03,0.678383315,TRUE,0.302550044,139,4.0
914,Test1,04.11.2019 23:03,0.673007482,TRUE,0.312969243,138,4.0
915,Test1,04.11.2019 23:03,0.673007482,TRUE,0.310777765,137,4.0
916,Test1,04.11.2019 23:03,0.677547142,TRUE,0.310777765,136,4.0
917,Test1,04.11.2019 23:03,0.67635442,TRUE,0.310352435,135,4.0
918,Test1,04.11.2019 23:02,0.679925449,TRUE,0.304017196,134,4.0
919,Test1,04.11.2019 23:02,0.682537511,TRUE,0.313635595,133,4.0
920,Test1,04.11.2019 23:02,0.683772634,TRUE,0.3065655,132,4.0
921,Test1,04.11.2019 23:02,0.683772634,TRUE,0.31788681,131,4.0
922,Test1,04.11.2019 23:02,0.681964657,TRUE,0.31788681,130,4.0
923,Test1,04.11.2019 23:02,0.681953798,TRUE,0.317961786,129,4.0
924,Test1,04.11.2019 23:02,0.680863949,TRUE,0.328404217,128,4.0
925,Test1,04.11.2019 23:02,0.680239562,TRUE,0.339074579,127,4.0
926,Test1,04.11.2019 23:02,0.676392676,TRUE,0.335852719,126,4.0
927,Test1,04.11.2019 23:02,0.67600373,TRUE,0.329030333,125,4.0
928,Test1,04.11.2019 23:02,0.675473701,TRUE,0.320848148,124,4.0
929,Test1,04.11.2019 23:02,0.671285673,TRUE,0.309723325,123,4.0
930,Test1,04.11.2019 23:02,0.674796296,TRUE,0.317206124,122,4.0
931,Test1,04.11.2019 23:02,0.674796296,TRUE,0.307680555,121,4.0
932,Test1,04.11.2019 23:02,0.670561145,TRUE,0.307680555,120,3.0
933,Test1,04.11.2019 23:02,0.671050848,TRUE,0.298621991,119,3.0
934,Test1,04.11.2019 23:02,0.675291108,TRUE,0.291839726,118,3.0
935,Test1,04.11.2019 23:02,0.676491056,TRUE,0.301455314,117,3.0
936,Test1,04.11.2019 23:02,0.674550373,TRUE,0.297662767,116,3.0
937,Test1,04.11.2019 23:02,0.669651572,TRUE,0.287924132,115,3.0
938,Test1,04.11.2019 23:02,0.666836579,TRUE,0.291632906,114,3.0
939,Test1,04.11.2019 23:02,0.666836579,TRUE,0.27934946,113,3.0
940,Test1,04.11.2019 23:02,0.671185955,TRUE,0.27934946,112,3.0
941,Test1,04.11.2019 23:02,0.666943045,TRUE,0.266848631,111,3.0
942,Test1,04.11.2019 23:02,0.669750162,TRUE,0.262640674,110,3.0
943,Test1,04.11.2019 23:02,0.672997917,TRUE,0.259725228,109,3.0
944,Test1,04.11.2019 23:02,0.678063896,TRUE,0.26384148,108,3.0
945,Test1,04.11.2019 23:02,0.681700443,TRUE,0.252688542,107,3.0
946,Test1,04.11.2019 23:02,0.681700443,TRUE,0.264118035,106,3.0
947,Test1,04.11.2019 23:02,0.682957862,TRUE,0.264118035,105,3.0
948,Test1,04.11.2019 23:02,0.688339918,TRUE,0.263957323,104,3.0
949,Test1,04.11.2019 23:02,0.691204962,TRUE,0.275680462,103,3.0
950,Test1,04.11.2019 23:02,0.696688926,TRUE,0.28273317,102,3.0
951,Test1,04.11.2019 23:02,0.697317694,TRUE,0.270627068,101,3.0
952,Test1,04.11.2019 23:01,0.698906209,TRUE,0.275523912,100,3.0
953,Test1,04.11.2019 23:01,0.696695856,TRUE,0.27055677,99,3.0
954,Test1,04.11.2019 23:01,0.696695856,TRUE,0.267607561,98,3.0
955,Test1,04.11.2019 23:01,0.69439722,TRUE,0.267607561,97,3.0
956,Test1,04.11.2019 23:01,0.699633009,TRUE,0.278950617,96,3.0
957,Test1,04.11.2019 23:01,0.699633009,TRUE,0.272855432,95,3.0
958,Test1,04.11.2019 23:01,0.69510771,TRUE,0.272855432,94,3.0
959,Test1,04.11.2019 23:01,0.69510771,TRUE,0.276545586,93,3.0
960,Test1,04.11.2019 23:01,0.690566781,TRUE,0.276545586,92,3.0
961,Test1,04.11.2019 23:01,0.691424368,TRUE,0.285933581,91,3.0
962,Test1,04.11.2019 23:01,0.691424368,TRUE,0.275519473,90,3.0
963,Test1,04.11.2019 23:01,0.695939399,TRUE,0.275519473,89,3.0
964,Test1,04.11.2019 23:01,0.695939399,TRUE,0.265747197,88,3.0
965,Test1,04.11.2019 23:01,0.69333197,TRUE,0.265747197,87,3.0
966,Test1,04.11.2019 23:01,0.690112671,TRUE,0.277168776,86,3.0
967,Test1,04.11.2019 23:01,0.686378952,TRUE,0.269942891,85,3.0
968,Test1,04.11.2019 23:01,0.685664928,TRUE,0.282396253,84,3.0
969,Test1,04.11.2019 23:01,0.689116098,TRUE,0.292651779,83,3.0
970,Test1,04.11.2019 23:01,0.688033003,TRUE,0.286645453,82,3.0
971,Test1,04.11.2019 23:01,0.683739497,TRUE,0.275235674,81,3.0
972,Test1,04.11.2019 23:01,0.683739497,TRUE,0.278182257,80,3.0
973,Test1,04.11.2019 23:01,0.682195439,TRUE,0.278182257,79,3.0
974,Test1,04.11.2019 23:01,0.682195439,TRUE,0.285053684,78,3.0
975,Test1,04.11.2019 23:01,0.677168148,TRUE,0.285053684,77,3.0
976,Test1,04.11.2019 23:01,0.67436686,TRUE,0.278192782,76,3.0
977,Test1,04.11.2019 23:01,0.677961948,TRUE,0.284276705,75,3.0
978,Test1,04.11.2019 23:01,0.674860053,TRUE,0.287842525,74,3.0
979,Test1,04.11.2019 23:01,0.674860053,TRUE,0.294772541,73,3.0
980,Test1,04.11.2019 23:01,0.679039066,TRUE,0.294772541,72,3.0
981,Test1,04.11.2019 23:01,0.680755948,TRUE,0.296833686,71,3.0
982,Test1,04.11.2019 23:01,0.680755948,TRUE,0.289594091,70,3.0
983,Test1,04.11.2019 23:01,0.679367851,TRUE,0.289594091,69,3.0
984,Test1,04.11.2019 23:01,0.679367851,TRUE,0.298423342,68,3.0
985,Test1,04.11.2019 23:01,0.684603566,TRUE,0.298423342,67,3.0
986,Test1,04.11.2019 23:01,0.68427423,TRUE,0.289987343,66,3.0
987,Test1,04.11.2019 23:01,0.680922842,TRUE,0.28537255,65,3.0
988,Test1,04.11.2019 23:01,0.680922842,TRUE,0.275540166,64,3.0
989,Test1,04.11.2019 23:01,0.684313348,TRUE,0.275540166,63,3.0
990,Test1,04.11.2019 23:01,0.684313348,TRUE,0.266296658,62,3.0
991,Test1,04.11.2019 23:01,0.684623209,TRUE,0.266296658,61,3.0
992,Test1,04.11.2019 23:01,0.684623209,TRUE,0.257783002,60,3.0
993,Test1,04.11.2019 23:01,0.68181039,TRUE,0.257783002,59,3.0
994,Test1,04.11.2019 23:01,0.677778279,TRUE,0.249799776,58,3.0
995,Test1,04.11.2019 23:00,0.675111071,TRUE,0.239914579,57,3.0
996,Test1,04.11.2019 23:00,0.675073857,TRUE,0.242299222,56,3.0
997,Test1,04.11.2019 23:00,0.675073857,TRUE,0.246996799,55,3.0
998,Test1,04.11.2019 23:00,0.669794014,TRUE,0.246996799,54,3.0
999,Test1,04.11.2019 23:00,0.670351858,TRUE,0.241904664,53,3.0
1000,Test1,04.11.2019 23:00,0.664949356,TRUE,0.244937775,52,3.0
1001,Test1,04.11.2019 23:00,0.666919439,TRUE,0.256564287,51,3.0
1002,Test1,04.11.2019 23:00,0.663830485,TRUE,0.247766272,50,3.0
1003,Test1,04.11.2019 23:00,0.658232713,TRUE,0.236061461,49,3.0
1004,Test1,04.11.2019 23:00,0.660890137,TRUE,0.230564239,48,3.0
1005,Test1,04.11.2019 23:00,0.666195634,TRUE,0.231397787,47,3.0
1006,Test1,04.11.2019 23:00,0.666195634,TRUE,0.23247314,46,3.0
1007,Test1,04.11.2019 23:00,0.666460845,TRUE,0.23247314,45,3.0
1008,Test1,04.11.2019 23:00,0.670615593,TRUE,0.241226526,44,3.0
1009,Test1,04.11.2019 23:00,0.667224471,TRUE,0.253309346,43,3.0
1010,Test1,04.11.2019 23:00,0.667135206,TRUE,0.26023716,42,3.0
1011,Test1,04.11.2019 23:00,0.670348046,TRUE,0.262339761,41,3.0
1012,Test1,04.11.2019 23:00,0.670460476,TRUE,0.255054455,40,3.0
1013,Test1,04.11.2019 23:00,0.672680791,TRUE,0.25216955,39,3.0
1014,Test1,04.11.2019 23:00,0.672791842,TRUE,0.241419258,38,3.0
1015,Test1,04.11.2019 23:00,0.672791842,TRUE,0.235317304,37,3.0
1016,Test1,04.11.2019 23:00,0.676785737,TRUE,0.235317304,36,3.0
1017,Test1,04.11.2019 23:00,0.676785737,TRUE,0.241406696,35,3.0
1018,Test1,04.11.2019 23:00,0.680632534,TRUE,0.241406696,34,3.0
1019,Test1,04.11.2019 23:00,0.677813114,TRUE,0.236136046,33,3.0
1020,Test1,04.11.2019 23:00,0.673601885,TRUE,0.248793327,32,3.0
1021,Test1,04.11.2019 23:00,0.674573499,TRUE,0.25448434,31,3.0
1022,Test1,04.11.2019 23:00,0.677650856,TRUE,0.248243088,30,2.0
1023,Test1,04.11.2019 23:00,0.677650856,TRUE,0.255724603,29,2.0
1024,Test1,04.11.2019 23:00,0.673475206,TRUE,0.255724603,28,2.0
1025,Test1,04.11.2019 23:00,0.674753933,TRUE,0.25164343,27,2.0
1026,Test1,04.11.2019 23:00,0.67815034,TRUE,0.242148572,26,2.0
1027,Test1,04.11.2019 23:00,0.67815034,TRUE,0.23184605,25,2.0
1028,Test1,04.11.2019 23:00,0.674029932,TRUE,0.23184605,24,2.0
1029,Test1,04.11.2019 23:00,0.677151077,TRUE,0.238193427,23,2.0
1030,Test1,04.11.2019 23:00,0.677151077,TRUE,0.225758881,22,2.0
1031,Test1,04.11.2019 23:00,0.682032523,TRUE,0.225758881,21,2.0
1032,Test1,04.11.2019 22:59,0.681779884,TRUE,0.232395701,20,2.0
1033,Test1,04.11.2019 22:59,0.681779884,TRUE,0.219652137,19,2.0
1034,Test1,04.11.2019 22:59,0.68192811,TRUE,0.219652137,18,2.0
1035,Test1,04.11.2019 22:59,0.68192811,TRUE,0.207918376,17,2.0
1036,Test1,04.11.2019 22:59,0.686635187,TRUE,0.207918376,16,2.0
1037,Test1,04.11.2019 22:59,0.688885187,TRUE,0.205357262,15,1.0
1038,Test1,04.11.2019 22:59,0.691907258,TRUE,0.208287427,14,1.0
1039,Test1,04.11.2019 22:59,0.687680342,TRUE,0.209585784,13,1.0
1040,Test1,04.11.2019 22:59,0.683812555,TRUE,0.208433227,12,1.0
1041,Test1,04.11.2019 22:59,0.683812555,TRUE,0.199233109,11,1.0
1042,Test1,04.11.2019 22:59,0.684187104,TRUE,0.199233109,10,1.0
1043,Test1,04.11.2019 22:59,0.686284819,TRUE,0.203181601,9,1.0
1044,Test1,04.11.2019 22:59,0.686284819,TRUE,0.205281158,8,1.0
1045,Test1,04.11.2019 22:59,0.682547994,TRUE,0.205281158,7,1.0
1046,Test1,04.11.2019 22:59,0.679504222,TRUE,0.207196338,6,1.0
1047,Test1,04.11.2019 22:59,0.676179132,TRUE,0.19945136,5,1.0
1048,Test1,04.11.2019 22:59,0.673441419,TRUE,0.203552504,4,1.0
1049,Test1,04.11.2019 22:59,0.6713763,TRUE,0.207906462,3,1.0
1050,Test1,04.11.2019 22:59,0.672471008,TRUE,0.21310307,2,1.0
1051,Test1,04.11.2019 22:59,0.674805192,TRUE,0.210226863,1,1.0
1052,Test1,04.11.2019 22:59,0,TRUE,0,0,0.0
1053,Test1,04.11.2019 22:51,0,FALSE,0,0,0.0
1054,Test1,04.11.2019 22:51,0.060894456,FALSE,1,40,3.0
1055,Test1,04.11.2019 22:51,0.060894456,TRUE,1,39,3.0
1056,Test1,04.11.2019 22:51,0.063680977,TRUE,0.998577599,38,3.0
1057,Test1,04.11.2019 22:51,0.063680977,TRUE,0.231554267,37,3.0
1058,Test1,04.11.2019 22:51,0.063680977,TRUE,0.223921067,36,3.0
1059,Test1,04.11.2019 22:51,0.067855411,TRUE,0.223921067,35,3.0
1060,Test1,04.11.2019 22:51,0.069156599,TRUE,0.21627922,34,3.0
1061,Test1,04.11.2019 22:51,0.073103896,TRUE,0.216259668,33,3.0
1062,Test1,04.11.2019 22:51,0.691266029,TRUE,0.216259668,32,3.0
1063,Test1,04.11.2019 22:51,0.691266029,TRUE,0.221486181,31,3.0
1064,Test1,04.11.2019 22:51,0.696215124,TRUE,0.221486181,30,2.0
1065,Test1,04.11.2019 22:51,0.696215124,TRUE,0.220224585,29,2.0
1066,Test1,04.11.2019 22:51,0.701308165,TRUE,0.220224585,28,2.0
1067,Test1,04.11.2019 22:51,0.703211419,TRUE,0.217088681,27,2.0
1068,Test1,04.11.2019 22:51,0.706666484,TRUE,0.206358792,26,2.0
1069,Test1,04.11.2019 22:51,0.702093832,TRUE,0.202578171,25,2.0
1070,Test1,04.11.2019 22:51,0.702093832,TRUE,0.203201474,24,2.0
1071,Test1,04.11.2019 22:51,0.703102177,TRUE,0.203201474,23,2.0
1072,Test1,04.11.2019 22:51,0.703102177,TRUE,0.213343393,22,2.0
1073,Test1,04.11.2019 22:51,0.702997912,TRUE,0.213343393,21,2.0
1074,Test1,04.11.2019 22:51,0.700981365,TRUE,0.219939634,20,2.0
1075,Test1,04.11.2019 22:51,0.700981365,TRUE,0.223618218,19,2.0
1076,Test1,04.11.2019 22:51,0.70024669,TRUE,0.223618218,18,2.0
1077,Test1,04.11.2019 22:51,0.696964775,TRUE,0.221190781,17,2.0
1078,Test1,04.11.2019 22:51,0.695859708,TRUE,0.211405506,16,2.0
1079,Test1,04.11.2019 22:51,0.693055057,TRUE,0.199219519,15,1.0
1080,Test1,04.11.2019 22:51,0.687723064,TRUE,0.202173864,14,1.0
1081,Test1,04.11.2019 22:51,0.687723064,TRUE,0.212205581,13,1.0
1082,Test1,04.11.2019 22:51,0.689687009,TRUE,0.212205581,12,1.0
1083,Test1,04.11.2019 22:51,0.689687009,TRUE,0.200725464,11,1.0
1084,Test1,04.11.2019 22:51,0.690926871,TRUE,0.200725464,10,1.0
1085,Test1,04.11.2019 22:51,0.690926871,TRUE,0.202704682,9,1.0
1086,Test1,04.11.2019 22:51,0.691159045,TRUE,0.202704682,8,1.0
1087,Test1,04.11.2019 22:51,0.691159045,TRUE,0.193086839,7,1.0
1088,Test1,04.11.2019 22:51,0.68878682,TRUE,0.193086839,6,1.0
1089,Test1,04.11.2019 22:51,0.68878682,TRUE,0.189084438,5,1.0
1090,Test1,04.11.2019 22:51,0.683453682,TRUE,0.189084438,4,1.0
1091,Test1,04.11.2019 22:51,0.679194422,TRUE,0.192107935,3,1.0
1092,Test1,04.11.2019 22:51,0.674760651,TRUE,0.194146117,2,1.0
1093,Test1,04.11.2019 22:50,0.675624339,TRUE,0.20121575,1,1.0
1094,Test1,04.11.2019 22:50,0.674805192,TRUE,0.210226863,0,0.0
1095,Test1,04.11.2019 22:50,0,FALSE,0,0,0.0
1096,Test1,04.11.2019 22:50,0.670266458,FALSE,0.83443252,0,0.0
